IQ-TREE version 3.0.1 for Linux x86 64-bit built May  5 2025
Developed by Bui Quang Minh, Thomas Wong, Nhan Ly-Trong, Huaiyan Ren
Contributed by Lam-Tung Nguyen, Dominik Schrempf, Chris Bielow,
Olga Chernomor, Michael Woodhams, Diep Thi Hoang, Heiko Schmidt

Host:    node-b01.lisc (AVX512, FMA3, 376 GB RAM)
Command: /lisc/opt/sw/software/IQ-TREE/3.0.1/bin/iqtree3_intel -s /lisc/data/scratch/molevo/peyroche/forkhead/alignment/all_fox_domains_renamed_mafft_global.fasta --seqtype AA -T 16 -B 10000 -m MFP --alrt 10000 --prefix /lisc/data/scratch/molevo/peyroche/forkhead/results//all_fox_domains_mafft_global
Seed:    532937 (Using SPRNG - Scalable Parallel Random Number Generator)
Time:    Fri Jun  5 14:21:24 2026
Kernel:  AVX+FMA - 16 threads (16 CPU cores detected)

Reading alignment file /lisc/data/scratch/molevo/peyroche/forkhead/alignment/all_fox_domains_renamed_mafft_global.fasta ... Fasta format detected
Reading fasta file: done in 0.00210014 secs using 63.57% CPU
Alignment most likely contains protein sequences
Constructing alignment: done in 0.00171999 secs using 907.1% CPU
Alignment has 535 sequences with 176 columns, 169 distinct patterns
105 parsimony-informative, 37 singleton sites, 34 constant sites
WARNING: Some sequence names are changed as follows:
Ampqu_XP_003384559.2:88-174 -> Ampqu_XP_003384559.2_88-174
Subdo_SUB4.g6430.t1.p1|complete:59-145 -> Subdo_SUB4.g6430.t1.p1|complete_59-145
Spola_SpoLa_ENSLPGP00000006943.1_ENSLPGG00000005072.1:101-187 -> Spola_SpoLa_ENSLPGP00000006943.1_ENSLPGG00000005072.1_101-187
Ampqu_XP_003386405.1:78-164 -> Ampqu_XP_003386405.1_78-164
Spola_SpoLa_ENSLPGP00000025188.1_ENSLPGG00000017789.1:151-237 -> Spola_SpoLa_ENSLPGP00000025188.1_ENSLPGG00000017789.1_151-237
Subdo_SUB4.g9386.t1.p1|complete:71-157 -> Subdo_SUB4.g9386.t1.p1|complete_71-157
Ampqu_XP_003387169.1:108-194 -> Ampqu_XP_003387169.1_108-194
Subdo_SUB4.g10182.t1.p1|complete:129-215 -> Subdo_SUB4.g10182.t1.p1|complete_129-215
Spola_SpoLa_ENSLPGP00000022225.1_ENSLPGG00000015690.1:151-237 -> Spola_SpoLa_ENSLPGP00000022225.1_ENSLPGG00000015690.1_151-237
Brafl_XP_035676344.1:109-195 -> Brafl_XP_035676344.1_109-195
Lytva_XP_041469507.1:191-277 -> Lytva_XP_041469507.1_191-277
Dapma_XP_032791385.2:168-254 -> Dapma_XP_032791385.2_168-254
Maggi_XP_011427689.3:118-204 -> Maggi_XP_011427689.3_118-204
Owefu_CAH1792531.1:77-163 -> Owefu_CAH1792531.1_77-163
Exada_XP_020909243.2:52-137 -> Exada_XP_020909243.2_52-137
Nemve_NV2.20035.1:60-145 -> Nemve_NV2.20035.1_60-145
Stypi_XP_022799069.1:70-155 -> Stypi_XP_022799069.1_70-155
Mnele_evm.model.c12.320:26-112 -> Mnele_evm.model.c12.320_26-112
Mnele_evm.model.c12.597:204-290 -> Mnele_evm.model.c12.597_204-290
Eupdu_EU_stt_00015730:28-114 -> Eupdu_EU_stt_00015730_28-114
Ampqu_XP_011407693.1:55-140 -> Ampqu_XP_011407693.1_55-140
Spola_SpoLa_ENSLPGP00000009609.1_ENSLPGG00000006965.1:136-221 -> Spola_SpoLa_ENSLPGP00000009609.1_ENSLPGG00000006965.1_136-221
Subdo_SUB4.g18765.t1.p1|complete:36-121 -> Subdo_SUB4.g18765.t1.p1|complete_36-121
Eupdu_EU_stt_00018935:145-230 -> Eupdu_EU_stt_00018935_145-230
Aurco_scaffold19.g80.t1:65-151 -> Aurco_scaffold19.g80.t1_65-151
Rhoes_XP_065060653.1:58-144 -> Rhoes_XP_065060653.1_58-144
Sanma_ENSXQXP00000023434.1_ENSXQXG00000016538.1:91-177 -> Sanma_ENSXQXP00000023434.1_ENSXQXG00000016538.1_91-177
Tripe_ENA_GHAQ01075739_GHAQ01075739.1:72-158 -> Tripe_ENA_GHAQ01075739_GHAQ01075739.1_72-158
Clyhe_Chem_XLOC_004809:115-201 -> Clyhe_Chem_XLOC_004809_115-201
Aurco_scaffold19.g81.t1:60-146 -> Aurco_scaffold19.g81.t1_60-146
Casxa_jgi_Casxa1_5231:55-141 -> Casxa_jgi_Casxa1_5231_55-141
Rhoes_XP_065060654.1:56-142 -> Rhoes_XP_065060654.1_56-142
Rhoes_XP_065061122.1:59-145 -> Rhoes_XP_065061122.1_59-145
Sanma_ENSXQXP00000023261.1_ENSXQXG00000016430.1:60-146 -> Sanma_ENSXQXP00000023261.1_ENSXQXG00000016430.1_60-146
PnocFOXL2:62-148 -> PnocFOXL2_62-148
Brafl_XP_035695832.1:58-144 -> Brafl_XP_035695832.1_58-144
Nemve_NV2.14459.1:43-129 -> Nemve_NV2.14459.1_43-129
Stypi_XP_022810126.1:69-155 -> Stypi_XP_022810126.1_69-155
Exada_XP_020913639.1:62-148 -> Exada_XP_020913639.1_62-148
Maggi_NP_001295827.1:125-211 -> Maggi_NP_001295827.1_125-211
Owefu_CAH1776243.1:86-172 -> Owefu_CAH1776243.1_86-172
Dapma_XP_032776905.2:137-225 -> Dapma_XP_032776905.2_137-225
Lytva_XP_041479434.1:170-257 -> Lytva_XP_041479434.1_170-257
Aurco_scaffold1.g144.t1:92-178 -> Aurco_scaffold1.g144.t1_92-178
Casxa_jgi_Casxa1_1805:88-174 -> Casxa_jgi_Casxa1_1805_88-174
Rhoes_XP_065058170.1:89-175 -> Rhoes_XP_065058170.1_89-175
Sanma_ENSXQXP00000009239.1_ENSXQXG00000006953.1:44-130 -> Sanma_ENSXQXP00000009239.1_ENSXQXG00000006953.1_44-130
PnocFOXD:99-185 -> PnocFOXD_99-185
Tripe_ENA_GHAQ01119036_GHAQ01119036.1:123-209 -> Tripe_ENA_GHAQ01119036_GHAQ01119036.1_123-209
Brafl_XP_035698942.1:111-197 -> Brafl_XP_035698942.1_111-197
Lytva_XP_041475489.1:116-202 -> Lytva_XP_041475489.1_116-202
Maggi_XP_011446328.3:119-205 -> Maggi_XP_011446328.3_119-205
Owefu_CAH1773009.1:114-200 -> Owefu_CAH1773009.1_114-200
Dapma_XP_032776766.2:276-362 -> Dapma_XP_032776766.2_276-362
Hydsy_XP_057313351.1:37-123 -> Hydsy_XP_057313351.1_37-123
Exada_XP_020891812.1:75-161 -> Exada_XP_020891812.1_75-161
Stypi_XP_022800147.1:71-157 -> Stypi_XP_022800147.1_71-157
Aurco_scaffold6.g58.t1:81-167 -> Aurco_scaffold6.g58.t1_81-167
Rhoes_XP_065065228.1:78-164 -> Rhoes_XP_065065228.1_78-164
PnocFOXC:84-170 -> PnocFOXC_84-170
Sanma_ENSXQXP00000029581.1_ENSXQXG00000020522.1:64-150 -> Sanma_ENSXQXP00000029581.1_ENSXQXG00000020522.1_64-150
Casxa_jgi_Casxa1_3372:73-159 -> Casxa_jgi_Casxa1_3372_73-159
Clyhe_Chem_XLOC_001095:132-218 -> Clyhe_Chem_XLOC_001095_132-218
Hydsy_XP_057291876.1:87-173 -> Hydsy_XP_057291876.1_87-173
Hydvu_HVAEP15.G027359:88-174 -> Hydvu_HVAEP15.G027359_88-174
Exada_XP_020902419.1:81-167 -> Exada_XP_020902419.1_81-167
Nemve_NV2.30002.1:78-164 -> Nemve_NV2.30002.1_78-164
Stypi_XP_022799810.1:76-162 -> Stypi_XP_022799810.1_76-162
Brafl_XP_035679441.1:84-170 -> Brafl_XP_035679441.1_84-170
Maggi_XP_011417585.2:84-170 -> Maggi_XP_011417585.2_84-170
Lytva_XP_041454579.1:92-178 -> Lytva_XP_041454579.1_92-178
Owefu_CAH1779694.1:90-176 -> Owefu_CAH1779694.1_90-176
Dapma_XP_032776812.2:175-262 -> Dapma_XP_032776812.2_175-262
Eupdu_EU_stt_00018522:51-137 -> Eupdu_EU_stt_00018522_51-137
Mnele_evm.model.c4.217:50-136 -> Mnele_evm.model.c4.217_50-136
Brafl_XP_035680129.1:58-144 -> Brafl_XP_035680129.1_58-144
Lytva_XP_041454578.1:58-144 -> Lytva_XP_041454578.1_58-144
Maggi_XP_011417586.3:69-155 -> Maggi_XP_011417586.3_69-155
Owefu_CAH1779695.1:60-146 -> Owefu_CAH1779695.1_60-146
Dapma_XP_045030529.1:61-147 -> Dapma_XP_045030529.1_61-147
Brafl_XP_035699484.1:61-147 -> Brafl_XP_035699484.1_61-147
Eupdu_EU_stt_00029579:131-217 -> Eupdu_EU_stt_00029579_131-217
Eupdu_EU_stt_00029581:150-236 -> Eupdu_EU_stt_00029581_150-236
Mnele_evm.model.c9.1139:164-250 -> Mnele_evm.model.c9.1139_164-250
Brafl_XP_035697506.1:80-166 -> Brafl_XP_035697506.1_80-166
Brafl_XP_035674207.1:110-196 -> Brafl_XP_035674207.1_110-196
Lytva_XP_041477593.1:118-204 -> Lytva_XP_041477593.1_118-204
Exada_XP_020905431.1:62-149 -> Exada_XP_020905431.1_62-149
Nemve_NV2.30003.1:60-147 -> Nemve_NV2.30003.1_60-147
Exada_XP_020914209.1:60-146 -> Exada_XP_020914209.1_60-146
Nemve_NV2.7345.1:65-151 -> Nemve_NV2.7345.1_65-151
Stypi_XP_022781401.1:57-143 -> Stypi_XP_022781401.1_57-143
Stypi_XP_022781399.1:60-146 -> Stypi_XP_022781399.1_60-146
Hydsy_XP_057297593.1:128-214 -> Hydsy_XP_057297593.1_128-214
Aurco_scaffold16.g749.t1:184-270 -> Aurco_scaffold16.g749.t1_184-270
Rhoes_XP_065052199.1:66-152 -> Rhoes_XP_065052199.1_66-152
Hydsy_XP_057304130.1:98-184 -> Hydsy_XP_057304130.1_98-184
Tripe_ENA_GHAQ01132272_GHAQ01132272.1:69-155 -> Tripe_ENA_GHAQ01132272_GHAQ01132272.1_69-155
Sanma_ENSXQXP00000024501.1_ENSXQXG00000017190.1:189-275 -> Sanma_ENSXQXP00000024501.1_ENSXQXG00000017190.1_189-275
PnocFOXA:64-150 -> PnocFOXA_64-150
Casxa_jgi_Casxa1_23848:64-150 -> Casxa_jgi_Casxa1_23848_64-150
Clyhe_Chem_XLOC_044586:85-171 -> Clyhe_Chem_XLOC_044586_85-171
Hydvu_HVAEP6.G011613:80-166 -> Hydvu_HVAEP6.G011613_80-166
Dapma_XP_032799237.1:222-308 -> Dapma_XP_032799237.1_222-308
Brafl_XP_035683186.1:110-196 -> Brafl_XP_035683186.1_110-196
Exada_XP_020893103.1:54-140 -> Exada_XP_020893103.1_54-140
Nemve_NV2.11441.1:39-125 -> Nemve_NV2.11441.1_39-125
Stypi_XP_022789920.1:46-132 -> Stypi_XP_022789920.1_46-132
Maggi_XP_011413445.1:156-242 -> Maggi_XP_011413445.1_156-242
Owefu_CAH1792690.1:130-216 -> Owefu_CAH1792690.1_130-216
Lytva_XP_041469659.1:144-230 -> Lytva_XP_041469659.1_144-230
Brafl_XP_035684564.1:149-235 -> Brafl_XP_035684564.1_149-235
Brafl_XP_035666163.1:12-98 -> Brafl_XP_035666163.1_12-98
Owefu_CAH1796923.1:12-98 -> Owefu_CAH1796923.1_12-98
Maggi_XP_011445364.3:12-98 -> Maggi_XP_011445364.3_12-98
Lytva_XP_041465359.1:12-98 -> Lytva_XP_041465359.1_12-98
Exada_XP_020904925.1:12-98 -> Exada_XP_020904925.1_12-98
Nemve_NV2.25999.1:12-98 -> Nemve_NV2.25999.1_12-98
Stypi_XP_022780413.1:12-98 -> Stypi_XP_022780413.1_12-98
Dapma_XP_032779745.2:12-98 -> Dapma_XP_032779745.2_12-98
Exada_XP_020904840.1:100-187 -> Exada_XP_020904840.1_100-187
Nemve_NV2.23888.1:93-180 -> Nemve_NV2.23888.1_93-180
Stypi_XP_022780476.1:99-186 -> Stypi_XP_022780476.1_99-186
Lytva_XP_041464485.1:107-193 -> Lytva_XP_041464485.1_107-193
Maggi_XP_011441298.1:97-183 -> Maggi_XP_011441298.1_97-183
Owefu_CAH1797164.1:145-231 -> Owefu_CAH1797164.1_145-231
Owefu_CAH1797111.1:224-310 -> Owefu_CAH1797111.1_224-310
Exada_XP_020891796.1:82-168 -> Exada_XP_020891796.1_82-168
Nemve_NV2.413.1:42-128 -> Nemve_NV2.413.1_42-128
Aurco_scaffold13.g642.t1:12-98 -> Aurco_scaffold13.g642.t1_12-98
Casxa_jgi_Casxa1_18156:12-98 -> Casxa_jgi_Casxa1_18156_12-98
Rhoes_XP_065066175.1:12-98 -> Rhoes_XP_065066175.1_12-98
Sanma_ENSXQXP00000012300.1_ENSXQXG00000008891.1:22-108 -> Sanma_ENSXQXP00000012300.1_ENSXQXG00000008891.1_22-108
PnocFOXB2:12-98 -> PnocFOXB2_12-98
Clyhe_Chem_XLOC_018078:12-98 -> Clyhe_Chem_XLOC_018078_12-98
Hydsy_XP_057315802.1:12-98 -> Hydsy_XP_057315802.1_12-98
Hydsy_XP_057315801.1:12-98 -> Hydsy_XP_057315801.1_12-98
Sanma_ENSXQXP00000011504.1_ENSXQXG00000008379.1:55-141 -> Sanma_ENSXQXP00000011504.1_ENSXQXG00000008379.1_55-141
Aurco_foxB1_best_hit:12-98 -> Aurco_foxB1_best_hit_12-98
PnocFOXB1:12-98 -> PnocFOXB1_12-98
FoxB1_NW_027019762.1:7813099-7813888_translated:12-98 -> FoxB1_NW_027019762.1_7813099-7813888_translated_12-98
Tripe_ENA_GHAQ01133162_GHAQ01133162.1:12-98 -> Tripe_ENA_GHAQ01133162_GHAQ01133162.1_12-98
Hydvu_HVAEP12.G022887:12-98 -> Hydvu_HVAEP12.G022887_12-98
Clyhe_Chem_XLOC_042605:12-99 -> Clyhe_Chem_XLOC_042605_12-99
Brafl_XP_035667310.1:129-215 -> Brafl_XP_035667310.1_129-215
Brafl_XP_035679121.1:52-138 -> Brafl_XP_035679121.1_52-138
Dapma_XP_032776864.2:161-247 -> Dapma_XP_032776864.2_161-247
Lytva_XP_041457525.1:131-217 -> Lytva_XP_041457525.1_131-217
Maggi_XP_011445317.2:78-164 -> Maggi_XP_011445317.2_78-164
Owefu_CAH1779044.1:106-192 -> Owefu_CAH1779044.1_106-192
Ampqu_XP_019849045.1:132-219 -> Ampqu_XP_019849045.1_132-219
Subdo_SUB4.g14478.t1.p1|5prime_partial:157-244 -> Subdo_SUB4.g14478.t1.p1|5prime_partial_157-244
Ampqu_XP_019858442.1:94-181 -> Ampqu_XP_019858442.1_94-181
Spola_SpoLa_ENSLPGP00000022980.1_ENSLPGG00000016233.1:76-163 -> Spola_SpoLa_ENSLPGP00000022980.1_ENSLPGG00000016233.1_76-163
Subdo_SUB4.g14328.t1.p1|complete:74-161 -> Subdo_SUB4.g14328.t1.p1|complete_74-161
Brafl_XP_035678955.1:128-212 -> Brafl_XP_035678955.1_128-212
Brafl_XP_035680367.1:97-184 -> Brafl_XP_035680367.1_97-184
Lytva_XP_041455583.1:168-255 -> Lytva_XP_041455583.1_168-255
Owefu_CAH1778806.1:113-200 -> Owefu_CAH1778806.1_113-200
Exada_XP_020896644.1:16-101 -> Exada_XP_020896644.1_16-101
Nemve_NV2.4570.1:18-103 -> Nemve_NV2.4570.1_18-103
Stypi_XP_022799797.1:29-114 -> Stypi_XP_022799797.1_29-114
Stypi_XP_022799809.1:19-106 -> Stypi_XP_022799809.1_19-106
Ampqu_XP_003392087.1:108-196 -> Ampqu_XP_003392087.1_108-196
Spola_SpoLa_ENSLPGP00000007374.1_ENSLPGG00000005367.1:264-352 -> Spola_SpoLa_ENSLPGP00000007374.1_ENSLPGG00000005367.1_264-352
Subdo_SUB4.g6402.t1.p1|complete:233-321 -> Subdo_SUB4.g6402.t1.p1|complete_233-321
Ampqu_XP_019851887.1:157-233 -> Ampqu_XP_019851887.1_157-233
Aurco_scaffold13.g277.t1:244-330 -> Aurco_scaffold13.g277.t1_244-330
Casxa_jgi_Casxa1_19467:246-332 -> Casxa_jgi_Casxa1_19467_246-332
Rhoes_XP_065065606.1:244-330 -> Rhoes_XP_065065606.1_244-330
Sanma_ENSXQXP00000014510.1_ENSXQXG00000010395.1:271-357 -> Sanma_ENSXQXP00000014510.1_ENSXQXG00000010395.1_271-357
PnocFOXK:246-332 -> PnocFOXK_246-332
Tripe_ENA_GHAQ01016578_GHAQ01016578.1:245-331 -> Tripe_ENA_GHAQ01016578_GHAQ01016578.1_245-331
Clyhe_Chem_XLOC_029186:290-376 -> Clyhe_Chem_XLOC_029186_290-376
Hydsy_XP_057310983.1:264-350 -> Hydsy_XP_057310983.1_264-350
Hydvu_HVAEP8.G015369:269-355 -> Hydvu_HVAEP8.G015369_269-355
Brafl_XP_035695021.1:277-363 -> Brafl_XP_035695021.1_277-363
Exada_XP_020914191.1:242-328 -> Exada_XP_020914191.1_242-328
Nemve_NV2.7400.1:234-320 -> Nemve_NV2.7400.1_234-320
Stypi_XP_022800280.1:235-321 -> Stypi_XP_022800280.1_235-321
Maggi_XP_011416099.2:249-335 -> Maggi_XP_011416099.2_249-335
Dapma_XP_032779360.2:303-389 -> Dapma_XP_032779360.2_303-389
Lytva_XP_041474647.1:257-343 -> Lytva_XP_041474647.1_257-343
Mnele_evm.model.c6.1089:278-364 -> Mnele_evm.model.c6.1089_278-364
Ampqu_XP_019849225.1:101-187 -> Ampqu_XP_019849225.1_101-187
Aurco_scaffold13.g541.t1:100-186 -> Aurco_scaffold13.g541.t1_100-186
Sanma_ENSXQXP00000016450.1_ENSXQXG00000011708.1:139-225 -> Sanma_ENSXQXP00000016450.1_ENSXQXG00000011708.1_139-225
Casxa_jgi_Casxa1_18491:92-178 -> Casxa_jgi_Casxa1_18491_92-178
Rhoes_XP_065065561.1:92-178 -> Rhoes_XP_065065561.1_92-178
PnocFOXJ1:87-173 -> PnocFOXJ1_87-173
Tripe_ENA_GHAQ01098555_GHAQ01098555.1:109-195 -> Tripe_ENA_GHAQ01098555_GHAQ01098555.1_109-195
Clyhe_Chem_XLOC_002186:196-282 -> Clyhe_Chem_XLOC_002186_196-282
Hydsy_XP_057311005.1:183-269 -> Hydsy_XP_057311005.1_183-269
Hydvu_HVAEP8.G014722:144-230 -> Hydvu_HVAEP8.G014722_144-230
Brafl_XP_035695335.1:139-225 -> Brafl_XP_035695335.1_139-225
Exada_XP_020903174.1:106-192 -> Exada_XP_020903174.1_106-192
Nemve_NV2.7956.1:101-187 -> Nemve_NV2.7956.1_101-187
Stypi_XP_022784179.1:101-187 -> Stypi_XP_022784179.1_101-187
Lytva_XP_041473097.1:146-232 -> Lytva_XP_041473097.1_146-232
Maggi_XP_011445234.1:122-208 -> Maggi_XP_011445234.1_122-208
Owefu_CAH1795068.1:122-208 -> Owefu_CAH1795068.1_122-208
Mnele_evm.model.c10.729:80-166 -> Mnele_evm.model.c10.729_80-166
Dapma_XP_032790346.1:122-207 -> Dapma_XP_032790346.1_122-207
Subdo_SUB4.g5193.t1.p1|complete:117-200 -> Subdo_SUB4.g5193.t1.p1|complete_117-200
Ampqu_XP_019850221.1:100-186 -> Ampqu_XP_019850221.1_100-186
Subdo_SUB4.g18527.t2.p1|complete:73-159 -> Subdo_SUB4.g18527.t2.p1|complete_73-159
Spola_SpoLa_ENSLPGP00000009774.1_ENSLPGG00000007078.1:66-151 -> Spola_SpoLa_ENSLPGP00000009774.1_ENSLPGG00000007078.1_66-151
Aurco_scaffold19.g250.t1:60-145 -> Aurco_scaffold19.g250.t1_60-145
Rhoes_XP_065060988.1:64-149 -> Rhoes_XP_065060988.1_64-149
Sanma_ENSXQXP00000020250.1_ENSXQXG00000014319.1:66-151 -> Sanma_ENSXQXP00000020250.1_ENSXQXG00000014319.1_66-151
Casxa_jgi_Casxa1_5511:64-148 -> Casxa_jgi_Casxa1_5511_64-148
PnocFOXJ2/3:74-158 -> PnocFOXJ2/3_74-158
Brafl_XP_035697226.1:64-149 -> Brafl_XP_035697226.1_64-149
Exada_XP_020900450.1:71-156 -> Exada_XP_020900450.1_71-156
Nemve_NV2.13336.1:72-157 -> Nemve_NV2.13336.1_72-157
Lytva_XP_041479759.1:74-160 -> Lytva_XP_041479759.1_74-160
Stypi_XP_022783463.1:70-156 -> Stypi_XP_022783463.1_70-156
Tripe_ENA_GHAQ01048157_GHAQ01048157.1:70-156 -> Tripe_ENA_GHAQ01048157_GHAQ01048157.1_70-156
Maggi_XP_011422959.2:70-155 -> Maggi_XP_011422959.2_70-155
Owefu_CAH1776062.1:78-162 -> Owefu_CAH1776062.1_78-162
Clyhe_Chem_TRINITY_DN48476_c0_g2_i1:64-150 -> Clyhe_Chem_TRINITY_DN48476_c0_g2_i1_64-150
Hydsy_XP_057304897.1:96-183 -> Hydsy_XP_057304897.1_96-183
Hydvu_HVAEP6.G011546:83-169 -> Hydvu_HVAEP6.G011546_83-169
Mnele_evm.model.c4.827:65-149 -> Mnele_evm.model.c4.827_65-149
Exada_XP_020906948.1:56-142 -> Exada_XP_020906948.1_56-142
Nemve_NV2.18631.1:59-145 -> Nemve_NV2.18631.1_59-145
Stypi_XP_022785666.1:49-135 -> Stypi_XP_022785666.1_49-135
Aurco_scaffold8.g352.t1:12-98 -> Aurco_scaffold8.g352.t1_12-98
Sanma_ENSXQXP00000015714.1_ENSXQXG00000011219.1:84-171 -> Sanma_ENSXQXP00000015714.1_ENSXQXG00000011219.1_84-171
Exada_XP_020917652.1:77-163 -> Exada_XP_020917652.1_77-163
Nemve_NV2.23089.1:73-159 -> Nemve_NV2.23089.1_73-159
Stypi_XP_022780223.1:78-164 -> Stypi_XP_022780223.1_78-164
Aurco_scaffold14.g311.t1:55-142 -> Aurco_scaffold14.g311.t1_55-142
Casxa_jgi_Casxa1_23953:53-140 -> Casxa_jgi_Casxa1_23953_53-140
Sanma_ENSXQXP00000008067.1_ENSXQXG00000006168.1:86-173 -> Sanma_ENSXQXP00000008067.1_ENSXQXG00000006168.1_86-173
PnocFOX-like1:77-164 -> PnocFOX-like1_77-164
PnocFOX-like2:77-164 -> PnocFOX-like2_77-164
Maggi_XP_011444776.3:108-194 -> Maggi_XP_011444776.3_108-194
Exada_XP_020917839.1:53-141 -> Exada_XP_020917839.1_53-141
Nemve_NV2.25991.1:38-125 -> Nemve_NV2.25991.1_38-125
Stypi_XP_022800136.1:40-128 -> Stypi_XP_022800136.1_40-128
Brafl_XP_035680103.1:87-173 -> Brafl_XP_035680103.1_87-173
Owefu_CAH1779156.1:40-127 -> Owefu_CAH1779156.1_40-127
Aurco_scaffold18.g466.t1:158-241 -> Aurco_scaffold18.g466.t1_158-241
Aurco_scaffold3.g568.t1:34-116 -> Aurco_scaffold3.g568.t1_34-116
Rhoes_XP_065060371.1:29-111 -> Rhoes_XP_065060371.1_29-111
Casxa_jgi_Casxa1_15770:25-109 -> Casxa_jgi_Casxa1_15770_25-109
Sanma_ENSXQXP00000031108.1_ENSXQXG00000021611.1:92-176 -> Sanma_ENSXQXP00000031108.1_ENSXQXG00000021611.1_92-176
PnocFOXQ2B:31-115 -> PnocFOXQ2B_31-115
Tripe_ENA_GHAQ01020424_GHAQ01020424.1:28-110 -> Tripe_ENA_GHAQ01020424_GHAQ01020424.1_28-110
Aurco_scaffold3.g570.t1:97-179 -> Aurco_scaffold3.g570.t1_97-179
Casxa_jgi_Casxa1_14671:96-178 -> Casxa_jgi_Casxa1_14671_96-178
PnocFOXQ2A:99-181 -> PnocFOXQ2A_99-181
Rhoes_XP_065066505.1:98-179 -> Rhoes_XP_065066505.1_98-179
Sanma_ENSXQXP00000032249.1_ENSXQXG00000022448.1:110-191 -> Sanma_ENSXQXP00000032249.1_ENSXQXG00000022448.1_110-191
Tripe_ENA_GHAQ01006626_GHAQ01006626.1:152-233 -> Tripe_ENA_GHAQ01006626_GHAQ01006626.1_152-233
Tripe_ENA_GHAQ01037600_GHAQ01037600.1:35-117 -> Tripe_ENA_GHAQ01037600_GHAQ01037600.1_35-117
Clyhe_Chem_XLOC_000890:313-395 -> Clyhe_Chem_XLOC_000890_313-395
Hydsy_XP_057316929.1:336-418 -> Hydsy_XP_057316929.1_336-418
Clyhe_Chem_XLOC_003681:44-128 -> Clyhe_Chem_XLOC_003681_44-128
Hydvu_HVAEP9.G016399:28-112 -> Hydvu_HVAEP9.G016399_28-112
Hydsy_XP_057315679.1:29-113 -> Hydsy_XP_057315679.1_29-113
Aurco_scaffold1.g49.t1:110-194 -> Aurco_scaffold1.g49.t1_110-194
Casxa_jgi_Casxa1_1314:97-181 -> Casxa_jgi_Casxa1_1314_97-181
Sanma_ENSXQXP00000007747.1_ENSXQXG00000005939.1:118-202 -> Sanma_ENSXQXP00000007747.1_ENSXQXG00000005939.1_118-202
PnocFOXQ2E:105-189 -> PnocFOXQ2E_105-189
Rhoes_XP_065059072.1:103-187 -> Rhoes_XP_065059072.1_103-187
Tripe_ENA_GHAQ01054078_GHAQ01054078.1:176-260 -> Tripe_ENA_GHAQ01054078_GHAQ01054078.1_176-260
Clyhe_Chem_XLOC_011738:129-213 -> Clyhe_Chem_XLOC_011738_129-213
Hydsy_XP_057314391.1:106-190 -> Hydsy_XP_057314391.1_106-190
Hydvu_HVAEP12.G021359:79-163 -> Hydvu_HVAEP12.G021359_79-163
Hydvu_HVAEP12.G021363:53-137 -> Hydvu_HVAEP12.G021363_53-137
Aurco_scaffold6.g184.t1:105-189 -> Aurco_scaffold6.g184.t1_105-189
Rhoes_XP_065064909.1:111-195 -> Rhoes_XP_065064909.1_111-195
Sanma_ENSXQXP00000029362.1_ENSXQXG00000020381.1:92-176 -> Sanma_ENSXQXP00000029362.1_ENSXQXG00000020381.1_92-176
PnocFOXQ2D:114-197 -> PnocFOXQ2D_114-197
Casxa_jgi_Casxa1_3085:132-214 -> Casxa_jgi_Casxa1_3085_132-214
Clyhe_Chem_XLOC_004250:129-210 -> Clyhe_Chem_XLOC_004250_129-210
Tripe_ENA_GHAQ01104189_GHAQ01104189.1:113-197 -> Tripe_ENA_GHAQ01104189_GHAQ01104189.1_113-197
Aurco_scaffold8.g689.t1:202-286 -> Aurco_scaffold8.g689.t1_202-286
Brafl_XP_035658352.1:105-189 -> Brafl_XP_035658352.1_105-189
Dapma_XP_032788162.2:202-286 -> Dapma_XP_032788162.2_202-286
Maggi_XP_011425762.3:89-173 -> Maggi_XP_011425762.3_89-173
Owefu_CAH1797153.1:96-180 -> Owefu_CAH1797153.1_96-180
Owefu_CAH1797154.1:99-183 -> Owefu_CAH1797154.1_99-183
Exada_XP_020894072.1:105-189 -> Exada_XP_020894072.1_105-189
Nemve_NV2.13108.1:98-182 -> Nemve_NV2.13108.1_98-182
Stypi_XP_022793008.1:95-179 -> Stypi_XP_022793008.1_95-179
Stypi_XP_022793010.1:39-123 -> Stypi_XP_022793010.1_39-123
Stypi_XP_022793009.1:58-142 -> Stypi_XP_022793009.1_58-142
Exada_XP_020916973.1:80-164 -> Exada_XP_020916973.1_80-164
Stypi_XP_022788808.1:106-190 -> Stypi_XP_022788808.1_106-190
Stypi_XP_022783718.1:95-179 -> Stypi_XP_022783718.1_95-179
Nemve_NV2.13437.1:79-163 -> Nemve_NV2.13437.1_79-163
Clyhe_Chem_XLOC_010956:92-177 -> Clyhe_Chem_XLOC_010956_92-177
Hydsy_XP_057307510.1:106-190 -> Hydsy_XP_057307510.1_106-190
Hydvu_HVAEP13.G025203:51-135 -> Hydvu_HVAEP13.G025203_51-135
Mnele_evm.model.c9.390:126-210 -> Mnele_evm.model.c9.390_126-210
Brafl_XP_035677674.1:201-285 -> Brafl_XP_035677674.1_201-285
Maggi_XP_011439389.1:210-294 -> Maggi_XP_011439389.1_210-294
Brafl_XP_035685196.1:82-166 -> Brafl_XP_035685196.1_82-166
Exada_XP_020908211.1:58-142 -> Exada_XP_020908211.1_58-142
Nemve_NV2.23678.1:81-165 -> Nemve_NV2.23678.1_81-165
Stypi_XP_022803289.1:97-181 -> Stypi_XP_022803289.1_97-181
Clyhe_Chem_XLOC_014597:105-189 -> Clyhe_Chem_XLOC_014597_105-189
Hydsy_XP_057291682.1:77-161 -> Hydsy_XP_057291682.1_77-161
Rhoes_XP_065051725.1:86-170 -> Rhoes_XP_065051725.1_86-170
Sanma_ENSXQXP00000023407.1_ENSXQXG00000016521.1:47-131 -> Sanma_ENSXQXP00000023407.1_ENSXQXG00000016521.1_47-131
Maggi_XP_011435457.3:75-159 -> Maggi_XP_011435457.3_75-159
Owefu_CAH1791637.1:159-243 -> Owefu_CAH1791637.1_159-243
Owefu_CAH1791640.1:189-273 -> Owefu_CAH1791640.1_189-273
Owefu_CAH1772308.1:164-248 -> Owefu_CAH1772308.1_164-248
Lytva_XP_041473326.1:74-158 -> Lytva_XP_041473326.1_74-158
Owefu_CAH1796331.1:15-99 -> Owefu_CAH1796331.1_15-99
Owefu_CAH1797155.1:61-146 -> Owefu_CAH1797155.1_61-146
Eupdu_EU_stt_00029063:485-569 -> Eupdu_EU_stt_00029063_485-569
Mnele_evm.model.c9.127:376-460 -> Mnele_evm.model.c9.127_376-460
Owefu_CAH1797500.1:340-422 -> Owefu_CAH1797500.1_340-422
Exada_XP_020903273.1:116-201 -> Exada_XP_020903273.1_116-201
Nemve_NV2.232.1:124-209 -> Nemve_NV2.232.1_124-209
Stypi_XP_022801170.1:111-196 -> Stypi_XP_022801170.1_111-196
Exada_XP_020903274.1:92-175 -> Exada_XP_020903274.1_92-175
Nemve_NV2.1396.1:85-170 -> Nemve_NV2.1396.1_85-170
Stypi_XP_022801171.1:90-172 -> Stypi_XP_022801171.1_90-172
Aurco_scaffold3.g220.t1:66-148 -> Aurco_scaffold3.g220.t1_66-148
Rhoes_XP_065060136.1:50-134 -> Rhoes_XP_065060136.1_50-134
Casxa_jgi_Casxa1_14337:105-186 -> Casxa_jgi_Casxa1_14337_105-186
Sanma_ENSXQXP00000028966.1_ENSXQXG00000020125.1:109-192 -> Sanma_ENSXQXP00000028966.1_ENSXQXG00000020125.1_109-192
PnocFOXQ2C:55-139 -> PnocFOXQ2C_55-139
Clyhe_Chem_XLOC_035798:54-137 -> Clyhe_Chem_XLOC_035798_54-137
Hydvu_HVAEP9.G016939:64-148 -> Hydvu_HVAEP9.G016939_64-148
Hydsy_XP_057315263.1:55-138 -> Hydsy_XP_057315263.1_55-138
Stypi_XP_022787555.1:87-171 -> Stypi_XP_022787555.1_87-171
Stypi_XP_022805085.1:41-125 -> Stypi_XP_022805085.1_41-125
Stypi_XP_022806034.1:26-119 -> Stypi_XP_022806034.1_26-119
Brafl_XP_035673342.1:307-393 -> Brafl_XP_035673342.1_307-393
Lytva_XP_041472262.1:302-385 -> Lytva_XP_041472262.1_302-385
Owefu_CAH1785768.1:243-328 -> Owefu_CAH1785768.1_243-328
Maggi_XP_065941476.1:513-596 -> Maggi_XP_065941476.1_513-596
Ampqu_XP_003386176.1:82-169 -> Ampqu_XP_003386176.1_82-169
Ampqu_XP_003386177.1:67-154 -> Ampqu_XP_003386177.1_67-154
Spola_SpoLa_ENSLPGP00000042598.1_ENSLPGG00000030307.1:61-148 -> Spola_SpoLa_ENSLPGP00000042598.1_ENSLPGG00000030307.1_61-148
Aurco_scaffold18.g661.t1:149-236 -> Aurco_scaffold18.g661.t1_149-236
Casxa_jgi_Casxa1_4106:149-236 -> Casxa_jgi_Casxa1_4106_149-236
Rhoes_XP_065072406.1:149-236 -> Rhoes_XP_065072406.1_149-236
Sanma_ENSXQXP00000026632.1_ENSXQXG00000018584.1:150-237 -> Sanma_ENSXQXP00000026632.1_ENSXQXG00000018584.1_150-237
PnocFOXN1/4:148-235 -> PnocFOXN1/4_148-235
Tripe_ENA_GHAQ01068163_GHAQ01068163.1:161-248 -> Tripe_ENA_GHAQ01068163_GHAQ01068163.1_161-248
Clyhe_Chem_XLOC_0166380:188-275 -> Clyhe_Chem_XLOC_0166380_188-275
Hydsy_XP_057297831.1:169-256 -> Hydsy_XP_057297831.1_169-256
Hydvu_HVAEP3.G005557:173-260 -> Hydvu_HVAEP3.G005557_173-260
Exada_XP_020892444.1:165-252 -> Exada_XP_020892444.1_165-252
Nemve_NV2.14917.1:169-256 -> Nemve_NV2.14917.1_169-256
Stypi_XP_022799613.1:162-249 -> Stypi_XP_022799613.1_162-249
Eupdu_EU_stt_00026688:138-225 -> Eupdu_EU_stt_00026688_138-225
Brafl_XP_035692028.1:282-369 -> Brafl_XP_035692028.1_282-369
Lytva_XP_041467186.1:281-372 -> Lytva_XP_041467186.1_281-372
Dapma_XP_032787534.2:229-330 -> Dapma_XP_032787534.2_229-330
Maggi_XP_034303195.2:207-295 -> Maggi_XP_034303195.2_207-295
Brafl_XP_035677940.1:173-261 -> Brafl_XP_035677940.1_173-261
Subdo_SUB4.g18159.t1.p1|complete:181-272 -> Subdo_SUB4.g18159.t1.p1|complete_181-272
Subdo_SUB4.g6545.t1.p1|complete:15-102 -> Subdo_SUB4.g6545.t1.p1|complete_15-102
Ampqu_XP_003387576.1:159-249 -> Ampqu_XP_003387576.1_159-249
Subdo_SUB4.g7684.t1.p1|complete:140-230 -> Subdo_SUB4.g7684.t1.p1|complete_140-230
Spola_SpoLa_ENSLPGP00000005344.1_ENSLPGG00000003949.1:19-111 -> Spola_SpoLa_ENSLPGP00000005344.1_ENSLPGG00000003949.1_19-111
Spola_SpoLa_ENSLPGP00000005354.1_ENSLPGG00000003949.1:124-207 -> Spola_SpoLa_ENSLPGP00000005354.1_ENSLPGG00000003949.1_124-207
Aurco_scaffold16.g589.t1:139-226 -> Aurco_scaffold16.g589.t1_139-226
Rhoes_XP_065052498.1:134-221 -> Rhoes_XP_065052498.1_134-221
PnocFoxN2/3:139-226 -> PnocFoxN2/3_139-226
Sanma_ENSXQXP00000026145.1_ENSXQXG00000018279.1:1-80 -> Sanma_ENSXQXP00000026145.1_ENSXQXG00000018279.1_1-80
Brafl_XP_035695377.1:125-212 -> Brafl_XP_035695377.1_125-212
Maggi_XP_034324254.2:131-218 -> Maggi_XP_034324254.2_131-218
Owefu_CAH1793025.1:137-224 -> Owefu_CAH1793025.1_137-224
Lytva_XP_041468298.1:124-211 -> Lytva_XP_041468298.1_124-211
Exada_XP_020911880.1:111-200 -> Exada_XP_020911880.1_111-200
Nemve_NV2.11642.1:121-208 -> Nemve_NV2.11642.1_121-208
Stypi_XP_022782448.1:121-212 -> Stypi_XP_022782448.1_121-212
Tripe_ENA_GHAQ01048212_GHAQ01048212.1:165-251 -> Tripe_ENA_GHAQ01048212_GHAQ01048212.1_165-251
Mnele_evm.model.c13.582:172-259 -> Mnele_evm.model.c13.582_172-259
Casxa_jgi_Casxa1_23684:185-269 -> Casxa_jgi_Casxa1_23684_185-269
Clyhe_Chem_XLOC_028622:229-314 -> Clyhe_Chem_XLOC_028622_229-314
Hydsy_XP_057303654.1:220-305 -> Hydsy_XP_057303654.1_220-305
Hydvu_HVAEP6.G011403:191-276 -> Hydvu_HVAEP6.G011403_191-276
Eupdu_EU_stt_00007924:115-189 -> Eupdu_EU_stt_00007924_115-189
Dapma_XP_032784487.2:178-264 -> Dapma_XP_032784487.2_178-264
Ampqu_XP_019850123.1:193-281 -> Ampqu_XP_019850123.1_193-281
Spola_SpoLa_ENSLPGP00000035639.1_ENSLPGG00000025264.1:126-214 -> Spola_SpoLa_ENSLPGP00000035639.1_ENSLPGG00000025264.1_126-214
Subdo_SUB4.g6895.t1.p1|complete:106-194 -> Subdo_SUB4.g6895.t1.p1|complete_106-194
Maggi_XP_034313225.2:200-284 -> Maggi_XP_034313225.2_200-284
Ampqu_XP_019855855.1:469-552 -> Ampqu_XP_019855855.1_469-552
Subdo_SUB4.g7692.t1.p1|complete:461-544 -> Subdo_SUB4.g7692.t1.p1|complete_461-544
Aurco_scaffold20.g528.t5:630-710 -> Aurco_scaffold20.g528.t5_630-710
Sanma_ENSXQXP00000007889.1_ENSXQXG00000006040.1:243-323 -> Sanma_ENSXQXP00000007889.1_ENSXQXG00000006040.1_243-323
Rhoes_XP_065066917.1:625-705 -> Rhoes_XP_065066917.1_625-705
PnocFOXP:581-661 -> PnocFOXP_581-661
Clyhe_Chem_XLOC_042667:445-526 -> Clyhe_Chem_XLOC_042667_445-526
Hydsy_XP_057296057.1:555-636 -> Hydsy_XP_057296057.1_555-636
Hydvu_HVAEP14.G026976:456-537 -> Hydvu_HVAEP14.G026976_456-537
Tripe_ENA_GHAQ01073254_GHAQ01073254.1:613-694 -> Tripe_ENA_GHAQ01073254_GHAQ01073254.1_613-694
Dapma_XP_045029233.1:670-751 -> Dapma_XP_045029233.1_670-751
Maggi_XP_011419330.3:662-743 -> Maggi_XP_011419330.3_662-743
Exada_XP_020898095.1:461-542 -> Exada_XP_020898095.1_461-542
Nemve_NV2.645.2:471-551 -> Nemve_NV2.645.2_471-551
Lytva_XP_041460423.1:482-563 -> Lytva_XP_041460423.1_482-563
Stypi_XP_022801164.1:473-554 -> Stypi_XP_022801164.1_473-554
Owefu_CAH1784951.1:442-523 -> Owefu_CAH1784951.1_442-523
Dapma_XP_045029222.1:670-750 -> Dapma_XP_045029222.1_670-750
Brafl_XP_035678150.1:538-619 -> Brafl_XP_035678150.1_538-619
Mnele_evm.model.c2.282:274-354 -> Mnele_evm.model.c2.282_274-354
Mnele_evm.model.c4.715:136-223 -> Mnele_evm.model.c4.715_136-223
Ampqu_XP_019848933.1:254-337 -> Ampqu_XP_019848933.1_254-337
Ampqu_XP_003387810.3:85-172 -> Ampqu_XP_003387810.3_85-172
Ampqu_XP_019858167.1:47-134 -> Ampqu_XP_019858167.1_47-134
Spola_SpoLa_ENSLPGP00000036831.1_ENSLPGG00000026141.1:141-228 -> Spola_SpoLa_ENSLPGP00000036831.1_ENSLPGG00000026141.1_141-228
Subdo_SUB4.g567.t1.p1|complete:84-172 -> Subdo_SUB4.g567.t1.p1|complete_84-172
Aurco_scaffold11.g208.t1:79-166 -> Aurco_scaffold11.g208.t1_79-166
Casxa_jgi_Casxa1_27742:78-165 -> Casxa_jgi_Casxa1_27742_78-165
PnocFOXO:74-161 -> PnocFOXO_74-161
Sanma_ENSXQXP00000001352.1_ENSXQXG00000001178.1:76-163 -> Sanma_ENSXQXP00000001352.1_ENSXQXG00000001178.1_76-163
Rhoes_XP_065057244.1:81-168 -> Rhoes_XP_065057244.1_81-168
Clyhe_Chem_XLOC_004723:81-168 -> Clyhe_Chem_XLOC_004723_81-168
Hydsy_XP_057306250.1:82-169 -> Hydsy_XP_057306250.1_82-169
Tripe_ENA_GHAQ01131611_GHAQ01131611.1:79-166 -> Tripe_ENA_GHAQ01131611_GHAQ01131611.1_79-166
Hydvu_HVAEP3.G005217:89-177 -> Hydvu_HVAEP3.G005217_89-177
Brafl_XP_035685890.1:106-193 -> Brafl_XP_035685890.1_106-193
Stypi_XP_022789569.1:56-143 -> Stypi_XP_022789569.1_56-143
Exada_XP_020895685.1:57-145 -> Exada_XP_020895685.1_57-145
Nemve_NV2.9025.1:64-152 -> Nemve_NV2.9025.1_64-152
Dapma_XP_032787349.1:104-191 -> Dapma_XP_032787349.1_104-191
Owefu_CAH1798357.1:70-157 -> Owefu_CAH1798357.1_70-157
Lytva_XP_041463504.1:95-182 -> Lytva_XP_041463504.1_95-182
Exada_XP_020907065.1:184-274 -> Exada_XP_020907065.1_184-274
Nemve_NV2.13053.1:170-258 -> Nemve_NV2.13053.1_170-258
Nemve_NV2.13744.1:122-211 -> Nemve_NV2.13744.1_122-211
Nemve_NV2.14350.1:112-203 -> Nemve_NV2.14350.1_112-203
Stypi_XP_022792313.1:190-278 -> Stypi_XP_022792313.1_190-278
Exada_XP_028519169.1:145-234 -> Exada_XP_028519169.1_145-234
Exada_XP_020915574.1:132-220 -> Exada_XP_020915574.1_132-220
Nemve_NV2.20634.1:176-262 -> Nemve_NV2.20634.1_176-262
Dapma_XP_032786490.1:118-199 -> Dapma_XP_032786490.1_118-199
Owefu_CAH1787765.1:97-178 -> Owefu_CAH1787765.1_97-178
Lytva_XP_041464060.1:40-127 -> Lytva_XP_041464060.1_40-127
Mnele_evm.model.c8.473:187-264 -> Mnele_evm.model.c8.473_187-264
Maggi_XP_011412452.3:64-156 -> Maggi_XP_011412452.3_64-156
Owefu_CAH1782543.1:364-455 -> Owefu_CAH1782543.1_364-455
Owefu_CAH1775657.1:44-128 -> Owefu_CAH1775657.1_44-128
Lytva_XP_041459487.1:53-142 -> Lytva_XP_041459487.1_53-142
Spola_SpoLa_ENSLPGP00000028744.1_ENSLPGG00000020188.1:38-126 -> Spola_SpoLa_ENSLPGP00000028744.1_ENSLPGG00000020188.1_38-126
Subdo_SUB4.g16505.t1.p1|complete:2-95 -> Subdo_SUB4.g16505.t1.p1|complete_2-95
Subdo_SUB4.g16630.t1.p1|complete:24-116 -> Subdo_SUB4.g16630.t1.p1|complete_24-116
Aurco_scaffold17.g697.t1:165-246 -> Aurco_scaffold17.g697.t1_165-246
Rhoes_XP_065070786.1:86-167 -> Rhoes_XP_065070786.1_86-167
Casxa_jgi_Casxa1_14198:77-158 -> Casxa_jgi_Casxa1_14198_77-158
Maggi_XP_011447567.3:7-88 -> Maggi_XP_011447567.3_7-88
Maggi_XP_065937026.1:7-88 -> Maggi_XP_065937026.1_7-88
Lytva_XP_041485922.1:126-217 -> Lytva_XP_041485922.1_126-217
Maggi_XP_019927657.3:211-298 -> Maggi_XP_019927657.3_211-298
Owefu_CAH1785469.1:29-119 -> Owefu_CAH1785469.1_29-119
Brafl_XP_035663165.1:29-107 -> Brafl_XP_035663165.1_29-107

                                                               Gap/Ambiguity  Composition  p-value
Analyzing sequences: done in 9.27462e-05 secs using 856.1% CPU
   1  Ampqu_XP_003384559.2_88-174                                     50.57%    passed     99.80%
   2  Subdo_SUB4.g6430.t1.p1|complete_59-145                          50.57%    passed     99.98%
   3  Spola_SpoLa_ENSLPGP00000006943.1_ENSLPGG00000005072.1_101-187   50.57%    passed     99.97%
   4  Ampqu_XP_003386405.1_78-164                                     50.57%    passed     99.70%
   5  Spola_SpoLa_ENSLPGP00000025188.1_ENSLPGG00000017789.1_151-237   50.57%    passed     99.22%
   6  Subdo_SUB4.g9386.t1.p1|complete_71-157                          50.57%    passed     94.67%
   7  Ampqu_XP_003387169.1_108-194                                    50.57%    passed     99.13%
   8  Subdo_SUB4.g10182.t1.p1|complete_129-215                        50.57%    passed     99.48%
   9  Spola_SpoLa_ENSLPGP00000022225.1_ENSLPGG00000015690.1_151-237   50.57%    passed     99.27%
  10  Brafl_XP_035676344.1_109-195                                    50.57%    passed     99.44%
  11  Lytva_XP_041469507.1_191-277                                    50.57%    passed     99.62%
  12  Dapma_XP_032791385.2_168-254                                    50.57%    passed     99.51%
  13  Maggi_XP_011427689.3_118-204                                    50.57%    passed     99.26%
  14  Owefu_CAH1792531.1_77-163                                       50.57%    passed     97.81%
  15  homsa_P55316_FOXG1_HUMAN                                        46.02%    passed     99.59%
  16  Triad_B3S585_B3S585_TRIAD                                       46.02%    passed     91.44%
  17  Exada_XP_020909243.2_52-137                                     51.14%    passed     96.24%
  18  Nemve_NV2.20035.1_60-145                                        51.14%    passed     98.28%
  19  Stypi_XP_022799069.1_70-155                                     51.14%    passed     98.42%
  20  Mnele_evm.model.c12.320_26-112                                  50.57%    passed     99.82%
  21  Mnele_evm.model.c12.597_204-290                                 50.57%    passed     99.87%
  22  Caeel_Q22510_FKH02_CAEEL                                        45.45%    passed     99.01%
  23  Triad_B3RJU0_B3RJU0_TRIAD                                       44.32%    passed     98.07%
  24  Eupdu_EU_stt_00015730_28-114                                    50.57%    passed     93.77%
  25  Ampqu_XP_011407693.1_55-140                                     51.14%    passed     99.98%
  26  Spola_SpoLa_ENSLPGP00000009609.1_ENSLPGG00000006965.1_136-221   51.14%    passed     98.91%
  27  Subdo_SUB4.g18765.t1.p1|complete_36-121                         51.14%    passed     99.52%
  28  Eupdu_EU_stt_00018935_145-230                                   51.14%    passed     99.42%
  29  Aurco_scaffold19.g80.t1_65-151                                  50.57%    passed     91.93%
  30  Rhoes_XP_065060653.1_58-144                                     50.57%    passed     98.18%
  31  Sanma_ENSXQXP00000023434.1_ENSXQXG00000016538.1_91-177          50.57%    passed     93.71%
  32  Tripe_ENA_GHAQ01075739_GHAQ01075739.1_72-158                    50.57%    passed     93.69%
  33  Clyhe_Chem_XLOC_004809_115-201                                  50.57%    passed     95.56%
  34  Aurco_scaffold19.g81.t1_60-146                                  50.57%    passed     70.91%
  35  Casxa_jgi_Casxa1_5231_55-141                                    50.57%    passed     90.90%
  36  Rhoes_XP_065060654.1_56-142                                     50.57%    passed     87.29%
  37  Rhoes_XP_065061122.1_59-145                                     50.57%    passed     81.45%
  38  Sanma_ENSXQXP00000023261.1_ENSXQXG00000016430.1_60-146          50.57%    passed     99.83%
  39  PnocFOXL2_62-148                                                50.57%    passed     99.89%
  40  Brafl_XP_035695832.1_58-144                                     50.57%    passed     86.84%
  41  Nemve_NV2.14459.1_43-129                                        50.57%    passed     93.07%
  42  Stypi_XP_022810126.1_69-155                                     50.57%    passed     96.85%
  43  Exada_XP_020913639.1_62-148                                     50.57%    passed     97.05%
  44  homsa_P58012_FOXL2_HUMAN                                        46.02%    passed     74.51%
  45  Maggi_NP_001295827.1_125-211                                    50.57%    passed     81.75%
  46  Owefu_CAH1776243.1_86-172                                       50.57%    passed     78.67%
  47  Dapma_XP_032776905.2_137-225                                    49.43%    passed     88.80%
  48  Lytva_XP_041479434.1_170-257                                    50.00%    passed     96.44%
  49  Aurco_scaffold1.g144.t1_92-178                                  50.57%    passed     99.87%
  50  Casxa_jgi_Casxa1_1805_88-174                                    50.57%    passed     99.87%
  51  Rhoes_XP_065058170.1_89-175                                     50.57%    passed     99.87%
  52  Sanma_ENSXQXP00000009239.1_ENSXQXG00000006953.1_44-130          50.57%    passed     99.87%
  53  PnocFOXD_99-185                                                 50.57%    passed     99.87%
  54  Tripe_ENA_GHAQ01119036_GHAQ01119036.1_123-209                   50.57%    passed     99.68%
  55  Brafl_XP_035698942.1_111-197                                    50.57%    passed     99.69%
  56  Lytva_XP_041475489.1_116-202                                    50.57%    passed     99.87%
  57  Maggi_XP_011446328.3_119-205                                    50.57%    passed     99.97%
  58  Owefu_CAH1773009.1_114-200                                      50.57%    passed     97.60%
  59  Dapma_XP_032776766.2_276-362                                    50.57%    passed     98.74%
  60  homsa_Q3SYB3_FX4L6_HUMAN                                        46.02%    passed     96.94%
  61  homsa_Q9NU39_FX4L1_HUMAN                                        46.02%    passed     96.38%
  62  homsa_Q12950_FOXD4_HUMAN                                        46.02%    passed     91.81%
  63  homsa_Q9UJU5_FOXD3_HUMAN                                        46.02%    passed     99.81%
  64  Triad_B3S118_B3S118_TRIAD                                       46.02%    passed     98.00%
  65  Hydsy_XP_057313351.1_37-123                                     50.57%    passed     99.06%
  66  homsa_O60548_FOXD2_HUMAN                                        47.73%    passed     99.94%
  67  Exada_XP_020891812.1_75-161                                     50.57%    passed     99.99%
  68  Stypi_XP_022800147.1_71-157                                     50.57%    passed     98.72%
  69  Caeel_Q18694_UN130_CAEEL                                        46.02%    passed     97.70%
  70  Aurco_scaffold6.g58.t1_81-167                                   50.57%    passed     99.91%
  71  Rhoes_XP_065065228.1_78-164                                     50.57%    passed     98.81%
  72  PnocFOXC_84-170                                                 50.57%    passed     99.94%
  73  Sanma_ENSXQXP00000029581.1_ENSXQXG00000020522.1_64-150          50.57%    passed    100.00%
  74  Casxa_jgi_Casxa1_3372_73-159                                    50.57%    passed     99.54%
  75  Clyhe_Chem_XLOC_001095_132-218                                  50.57%    passed     99.45%
  76  Hydsy_XP_057291876.1_87-173                                     50.57%    passed     98.38%
  77  Hydvu_HVAEP15.G027359_88-174                                    50.57%    passed     98.79%
  78  Exada_XP_020902419.1_81-167                                     50.57%    passed     99.04%
  79  Nemve_NV2.30002.1_78-164                                        50.57%    passed     99.92%
  80  Stypi_XP_022799810.1_76-162                                     50.57%    passed     99.94%
  81  Brafl_XP_035679441.1_84-170                                     50.57%    passed     95.53%
  82  Maggi_XP_011417585.2_84-170                                     50.57%    passed     94.47%
  83  Lytva_XP_041454579.1_92-178                                     50.57%    passed     80.89%
  84  Owefu_CAH1779694.1_90-176                                       50.57%    passed     99.88%
  85  Dapma_XP_032776812.2_175-262                                    50.00%    passed     99.70%
  86  homsa_Q12948_FOXC1_HUMAN                                        47.73%    passed     98.00%
  87  homsa_Q99958_FOXC2_HUMAN                                        47.73%    passed     99.89%
  88  Eupdu_EU_stt_00018522_51-137                                    50.57%    passed     99.91%
  89  Mnele_evm.model.c4.217_50-136                                   50.57%    passed     99.14%
  90  Brafl_XP_035680129.1_58-144                                     50.57%    passed     98.37%
  91  Lytva_XP_041454578.1_58-144                                     50.57%    passed     99.60%
  92  Maggi_XP_011417586.3_69-155                                     50.57%    passed     99.27%
  93  Owefu_CAH1779695.1_60-146                                       50.57%    passed     99.11%
  94  Dapma_XP_045030529.1_61-147                                     50.57%    passed     99.27%
  95  homsa_Q12952_FOXL1_HUMAN                                        47.73%    passed     92.77%
  96  Brafl_XP_035699484.1_61-147                                     50.57%    passed     89.56%
  97  Eupdu_EU_stt_00029579_131-217                                   50.57%    passed     97.72%
  98  Eupdu_EU_stt_00029581_150-236                                   50.57%    passed     99.63%
  99  Mnele_evm.model.c9.1139_164-250                                 50.57%    passed     93.91%
 100  Brafl_XP_035697506.1_80-166                                     50.57%    passed     99.02%
 101  homsa_O43638_FOXS1_HUMAN                                        47.73%    passed     98.42%
 102  Brafl_XP_035674207.1_110-196                                    50.57%    passed     97.58%
 103  Lytva_XP_041477593.1_118-204                                    50.57%    passed    100.00%
 104  homsa_A8MTJ6_FOXI3_HUMAN                                        46.02%    passed     99.51%
 105  homsa_Q6ZQN5_FOXI2_HUMAN                                        46.02%    passed     99.23%
 106  homsa_Q12951_FOXI1_HUMAN                                        46.02%    passed     94.91%
 107  homsa_O00358_FOXE1_HUMAN                                        46.02%    passed     73.69%
 108  homsa_Q13461_FOXE3_HUMAN                                        46.02%    passed     33.26%
 109  Exada_XP_020905431.1_62-149                                     50.00%    passed     99.92%
 110  Nemve_NV2.30003.1_60-147                                        50.00%    passed     99.99%
 111  Exada_XP_020914209.1_60-146                                     50.57%    passed    100.00%
 112  Nemve_NV2.7345.1_65-151                                         50.57%    passed     99.54%
 113  Stypi_XP_022781401.1_57-143                                     50.57%    passed     99.68%
 114  Stypi_XP_022781399.1_60-146                                     50.57%    passed     98.57%
 115  Hydsy_XP_057297593.1_128-214                                    50.57%    passed     96.34%
 116  Aurco_scaffold16.g749.t1_184-270                                50.57%    passed     94.72%
 117  Rhoes_XP_065052199.1_66-152                                     50.57%    passed     94.72%
 118  Hydsy_XP_057304130.1_98-184                                     50.57%    passed     88.89%
 119  Tripe_ENA_GHAQ01132272_GHAQ01132272.1_69-155                    50.57%    passed     91.09%
 120  Sanma_ENSXQXP00000024501.1_ENSXQXG00000017190.1_189-275         50.57%    passed     89.41%
 121  PnocFOXA_64-150                                                 50.57%    passed     89.41%
 122  Casxa_jgi_Casxa1_23848_64-150                                   50.57%    passed     94.66%
 123  Clyhe_Chem_XLOC_044586_85-171                                   50.57%    passed     93.03%
 124  Hydvu_HVAEP6.G011613_80-166                                     50.57%    passed     94.96%
 125  Dapma_XP_032799237.1_222-308                                    50.57%    passed     93.52%
 126  Brafl_XP_035683186.1_110-196                                    50.57%    passed     96.30%
 127  Exada_XP_020893103.1_54-140                                     50.57%    passed     84.92%
 128  Nemve_NV2.11441.1_39-125                                        50.57%    passed     84.92%
 129  Stypi_XP_022789920.1_46-132                                     50.57%    passed     83.09%
 130  Maggi_XP_011413445.1_156-242                                    50.57%    passed     79.87%
 131  Owefu_CAH1792690.1_130-216                                      50.57%    passed     79.87%
 132  Lytva_XP_041469659.1_144-230                                    50.57%    passed     44.83%
 133  Brafl_XP_035684564.1_149-235                                    50.57%    passed     81.40%
 134  homsa_P55317_FOXA1_HUMAN                                        47.73%    passed     95.04%
 135  homsa_P55318_FOXA3_HUMAN                                        47.73%    passed     98.89%
 136  homsa_Q9Y261_FOXA2_HUMAN                                        46.59%    passed     63.72%
 137  Triad_B3S1K8_B3S1K8_TRIAD                                       46.02%    passed     54.80%
 138  Caeel_Q17381_PHA4_CAEEL                                         46.02%    passed     96.38%
 139  Brafl_XP_035666163.1_12-98                                      50.57%    passed     82.84%
 140  Owefu_CAH1796923.1_12-98                                        50.57%    passed     85.67%
 141  Maggi_XP_011445364.3_12-98                                      50.57%    passed     78.56%
 142  Lytva_XP_041465359.1_12-98                                      50.57%    passed     92.75%
 143  homsa_Q99853_FOXB1_HUMAN                                        47.73%    passed     92.94%
 144  homsa_Q5VYV0_FOXB2_HUMAN                                        46.02%    passed     91.89%
 145  Exada_XP_020904925.1_12-98                                      50.57%    passed     91.39%
 146  Nemve_NV2.25999.1_12-98                                         50.57%    passed     89.62%
 147  Stypi_XP_022780413.1_12-98                                      50.57%    passed     83.98%
 148  Dapma_XP_032779745.2_12-98                                      50.57%    passed     91.28%
 149  Caeel_P34683_LIN31_CAEEL                                        47.73%    passed     99.57%
 150  Triad_B3RSE6_B3RSE6_TRIAD                                       46.02%    passed     95.28%
 151  Exada_XP_020904840.1_100-187                                    50.00%    passed     98.61%
 152  Nemve_NV2.23888.1_93-180                                        50.00%    passed     99.47%
 153  Stypi_XP_022780476.1_99-186                                     50.00%    passed     95.31%
 154  Lytva_XP_041464485.1_107-193                                    50.57%    passed     99.87%
 155  Maggi_XP_011441298.1_97-183                                     50.57%    passed     97.34%
 156  Owefu_CAH1797164.1_145-231                                      50.57%    passed     96.45%
 157  Owefu_CAH1797111.1_224-310                                      50.57%    passed     90.60%
 158  Exada_XP_020891796.1_82-168                                     50.57%    passed     97.08%
 159  Nemve_NV2.413.1_42-128                                          50.57%    passed     84.71%
 160  Triad_B3S121_B3S121_TRIAD                                       46.02%    passed     99.96%
 161  Triad_B3S7D8_B3S7D8_TRIAD                                       44.89%    passed     99.18%
 162  Aurco_scaffold13.g642.t1_12-98                                  50.57%    passed     97.45%
 163  Casxa_jgi_Casxa1_18156_12-98                                    50.57%    passed     84.21%
 164  Rhoes_XP_065066175.1_12-98                                      50.57%    passed     98.53%
 165  Sanma_ENSXQXP00000012300.1_ENSXQXG00000008891.1_22-108          50.57%    passed     26.96%
 166  PnocFOXB2_12-98                                                 50.57%    passed     67.98%
 167  Clyhe_Chem_XLOC_018078_12-98                                    50.57%    passed     87.94%
 168  Hydsy_XP_057315802.1_12-98                                      50.57%    passed     90.96%
 169  Hydsy_XP_057315801.1_12-98                                      50.57%    passed     90.53%
 170  Sanma_ENSXQXP00000011504.1_ENSXQXG00000008379.1_55-141          50.57%    passed     96.56%
 171  Aurco_foxB1_best_hit_12-98                                      50.57%    passed     97.31%
 172  PnocFOXB1_12-98                                                 50.57%    passed     93.50%
 173  FoxB1_NW_027019762.1_7813099-7813888_translated_12-98           50.57%    passed     96.37%
 174  Tripe_ENA_GHAQ01133162_GHAQ01133162.1_12-98                     50.57%    passed     86.51%
 175  Hydvu_HVAEP12.G022887_12-98                                     50.57%    passed     49.16%
 176  Clyhe_Chem_XLOC_042605_12-99                                    50.00%    passed     73.48%
 177  Brafl_XP_035667310.1_129-215                                    50.57%    passed     97.88%
 178  Brafl_XP_035679121.1_52-138                                     50.57%    passed     96.88%
 179  Dapma_XP_032776864.2_161-247                                    50.57%    passed     96.54%
 180  Lytva_XP_041457525.1_131-217                                    50.57%    passed     96.63%
 181  homsa_Q12946_FOXF1_HUMAN                                        47.73%    passed     89.54%
 182  homsa_Q12947_FOXF2_HUMAN                                        47.73%    passed     91.27%
 183  Maggi_XP_011445317.2_78-164                                     50.57%    passed     98.18%
 184  Owefu_CAH1779044.1_106-192                                      50.57%    passed     97.71%
 185  Triad_B3S7E1_B3S7E1_TRIAD                                       46.02%    passed     99.80%
 186  Caeel_P91278_FOXF_CAEEL                                         44.32%    passed     75.09%
 187  Ampqu_XP_019849045.1_132-219                                    50.00%    passed     76.13%
 188  Subdo_SUB4.g14478.t1.p1|5prime_partial_157-244                  50.00%    passed     92.19%
 189  Ampqu_XP_019858442.1_94-181                                     50.00%    passed     99.28%
 190  Spola_SpoLa_ENSLPGP00000022980.1_ENSLPGG00000016233.1_76-163    50.00%    passed     99.74%
 191  Subdo_SUB4.g14328.t1.p1|complete_74-161                         50.00%    passed     89.27%
 192  Brafl_XP_035678955.1_128-212                                    51.70%    passed     84.53%
 193  Brafl_XP_035680367.1_97-184                                     50.00%    passed     92.23%
 194  Lytva_XP_041455583.1_168-255                                    50.00%    passed     98.59%
 195  Owefu_CAH1778806.1_113-200                                      50.00%    passed     97.73%
 196  homsa_Q9C009_FOXQ1_HUMAN                                        45.45%    passed     79.08%
 197  Exada_XP_020896644.1_16-101                                     51.14%    passed     99.45%
 198  Nemve_NV2.4570.1_18-103                                         51.14%    passed     99.60%
 199  Stypi_XP_022799797.1_29-114                                     51.14%    passed     97.15%
 200  Stypi_XP_022799809.1_19-106                                     50.00%    passed     91.02%
 201  Triad_B3S7D9_B3S7D9_TRIAD                                       44.89%    passed     90.75%
 202  Ampqu_XP_003392087.1_108-196                                    49.43%    passed     98.51%
 203  Spola_SpoLa_ENSLPGP00000007374.1_ENSLPGG00000005367.1_264-352   49.43%    passed     69.15%
 204  Subdo_SUB4.g6402.t1.p1|complete_233-321                         49.43%    passed     74.36%
 205  Ampqu_XP_019851887.1_157-233                                    56.25%    passed     64.02%
 206  Aurco_scaffold13.g277.t1_244-330                                50.57%    passed     96.65%
 207  Casxa_jgi_Casxa1_19467_246-332                                  50.57%    passed     91.41%
 208  Rhoes_XP_065065606.1_244-330                                    50.57%    passed     84.24%
 209  Sanma_ENSXQXP00000014510.1_ENSXQXG00000010395.1_271-357         50.57%    passed     94.96%
 210  PnocFOXK_246-332                                                50.57%    passed     98.65%
 211  Tripe_ENA_GHAQ01016578_GHAQ01016578.1_245-331                   50.57%    passed     86.31%
 212  Clyhe_Chem_XLOC_029186_290-376                                  50.57%    passed     91.74%
 213  Hydsy_XP_057310983.1_264-350                                    50.57%    passed     99.51%
 214  Hydvu_HVAEP8.G015369_269-355                                    50.57%    passed     99.33%
 215  Brafl_XP_035695021.1_277-363                                    50.57%    passed     97.08%
 216  Exada_XP_020914191.1_242-328                                    50.57%    passed     92.44%
 217  Nemve_NV2.7400.1_234-320                                        50.57%    passed     91.25%
 218  Stypi_XP_022800280.1_235-321                                    50.57%    passed     97.49%
 219  Maggi_XP_011416099.2_249-335                                    50.57%    passed     89.69%
 220  Dapma_XP_032779360.2_303-389                                    50.57%    passed     92.70%
 221  Lytva_XP_041474647.1_257-343                                    50.57%    passed     87.56%
 222  homsa_P85037_FOXK1_HUMAN                                        45.45%    passed     42.83%
 223  homsa_Q01167_FOXK2_HUMAN                                        45.45%    passed     89.21%
 224  Triad_B3RMJ3_B3RMJ3_TRIAD                                       45.45%    passed     73.53%
 225  Mnele_evm.model.c6.1089_278-364                                 50.57%    passed     98.69%
 226  Ampqu_XP_019849225.1_101-187                                    50.57%    passed     96.66%
 227  Aurco_scaffold13.g541.t1_100-186                                50.57%    passed     94.18%
 228  Sanma_ENSXQXP00000016450.1_ENSXQXG00000011708.1_139-225         50.57%    passed     94.41%
 229  Casxa_jgi_Casxa1_18491_92-178                                   50.57%    passed     98.29%
 230  Rhoes_XP_065065561.1_92-178                                     50.57%    passed     95.93%
 231  PnocFOXJ1_87-173                                                50.57%    passed     91.77%
 232  Tripe_ENA_GHAQ01098555_GHAQ01098555.1_109-195                   50.57%    passed     75.05%
 233  Clyhe_Chem_XLOC_002186_196-282                                  50.57%    passed     96.95%
 234  Hydsy_XP_057311005.1_183-269                                    50.57%    passed     97.05%
 235  Hydvu_HVAEP8.G014722_144-230                                    50.57%    passed     97.41%
 236  Brafl_XP_035695335.1_139-225                                    50.57%    passed     86.89%
 237  Exada_XP_020903174.1_106-192                                    50.57%    passed     79.18%
 238  Nemve_NV2.7956.1_101-187                                        50.57%    passed     90.76%
 239  Stypi_XP_022784179.1_101-187                                    50.57%    passed     91.50%
 240  Triad_B3RN68_B3RN68_TRIAD                                       46.59%    passed     97.35%
 241  Lytva_XP_041473097.1_146-232                                    50.57%    passed     97.44%
 242  Maggi_XP_011445234.1_122-208                                    50.57%    passed     99.82%
 243  Owefu_CAH1795068.1_122-208                                      50.57%    passed     97.14%
 244  Mnele_evm.model.c10.729_80-166                                  50.57%    passed     98.13%
 245  homsa_Q92949_FOXJ1_HUMAN                                        48.30%    passed     99.64%
 246  Dapma_XP_032790346.1_122-207                                    51.14%    passed     99.27%
 247  Subdo_SUB4.g5193.t1.p1|complete_117-200                         52.27%    passed     94.69%
 248  Ampqu_XP_019850221.1_100-186                                    50.57%    passed     92.97%
 249  Subdo_SUB4.g18527.t2.p1|complete_73-159                         50.57%    passed     89.61%
 250  Spola_SpoLa_ENSLPGP00000009774.1_ENSLPGG00000007078.1_66-151    51.14%    passed     92.81%
 251  Aurco_scaffold19.g250.t1_60-145                                 51.14%    passed     89.72%
 252  Rhoes_XP_065060988.1_64-149                                     51.14%    passed     92.20%
 253  Sanma_ENSXQXP00000020250.1_ENSXQXG00000014319.1_66-151          51.14%    passed     94.38%
 254  Casxa_jgi_Casxa1_5511_64-148                                    51.70%    passed     64.48%
 255  PnocFOXJ2/3_74-158                                              51.70%    passed     95.94%
 256  Brafl_XP_035697226.1_64-149                                     51.14%    passed     90.93%
 257  Exada_XP_020900450.1_71-156                                     51.14%    passed     93.80%
 258  Nemve_NV2.13336.1_72-157                                        51.14%    passed     97.44%
 259  Lytva_XP_041479759.1_74-160                                     50.57%    passed     95.08%
 260  Stypi_XP_022783463.1_70-156                                     50.57%    passed     88.96%
 261  Tripe_ENA_GHAQ01048157_GHAQ01048157.1_70-156                    50.57%    passed     99.55%
 262  Maggi_XP_011422959.2_70-155                                     51.14%    passed     72.37%
 263  Owefu_CAH1776062.1_78-162                                       51.70%    passed     99.26%
 264  homsa_Q9UPW0_FOXJ3_HUMAN                                        47.73%    passed     97.05%
 265  homsa_Q9P0K8_FOXJ2_HUMAN                                        55.68%    passed     88.42%
 266  Clyhe_Chem_TRINITY_DN48476_c0_g2_i1_64-150                      50.57%    passed     49.65%
 267  Hydsy_XP_057304897.1_96-183                                     50.00%    passed     87.09%
 268  Hydvu_HVAEP6.G011546_83-169                                     50.57%    passed     89.46%
 269  Triad_B3S0A6_B3S0A6_TRIAD                                       45.45%    passed     90.47%
 270  Mnele_evm.model.c4.827_65-149                                   51.70%    passed     84.01%
 271  Exada_XP_020906948.1_56-142                                     50.57%    passed     50.19%
 272  Nemve_NV2.18631.1_59-145                                        50.57%    passed     63.98%
 273  Stypi_XP_022785666.1_49-135                                     50.57%    passed     93.04%
 274  homsa_A0A1W2PRP0_FOXL3_HUMAN                                    43.75%    passed     69.78%
 275  Aurco_scaffold8.g352.t1_12-98                                   50.57%    passed     98.13%
 276  Sanma_ENSXQXP00000015714.1_ENSXQXG00000011219.1_84-171          50.00%    passed     83.09%
 277  Exada_XP_020917652.1_77-163                                     50.57%    passed     86.10%
 278  Nemve_NV2.23089.1_73-159                                        50.57%    passed     93.98%
 279  Stypi_XP_022780223.1_78-164                                     50.57%    passed     83.59%
 280  Aurco_scaffold14.g311.t1_55-142                                 50.00%    passed     94.33%
 281  Casxa_jgi_Casxa1_23953_53-140                                   50.00%    passed     95.79%
 282  Sanma_ENSXQXP00000008067.1_ENSXQXG00000006168.1_86-173          50.00%    passed     75.60%
 283  PnocFOX-like1_77-164                                            50.00%    passed     76.46%
 284  PnocFOX-like2_77-164                                            50.00%    passed     76.46%
 285  Maggi_XP_011444776.3_108-194                                    50.57%    passed     44.55%
 286  Exada_XP_020917839.1_53-141                                     49.43%    passed     91.13%
 287  Nemve_NV2.25991.1_38-125                                        50.00%    passed     99.10%
 288  Stypi_XP_022800136.1_40-128                                     49.43%    passed     95.36%
 289  Brafl_XP_035680103.1_87-173                                     50.57%    passed     21.01%
 290  Owefu_CAH1779156.1_40-127                                       50.00%    passed     90.62%
 291  homsa_O75593_FOXH1_HUMAN                                        44.89%    passed     16.94%
 292  Aurco_scaffold18.g466.t1_158-241                                52.27%    passed     40.37%
 293  Aurco_scaffold3.g568.t1_34-116                                  52.84%    passed     71.77%
 294  Rhoes_XP_065060371.1_29-111                                     52.84%    passed     72.97%
 295  Casxa_jgi_Casxa1_15770_25-109                                   51.70%    passed     62.22%
 296  Sanma_ENSXQXP00000031108.1_ENSXQXG00000021611.1_92-176          51.70%    passed     91.88%
 297  PnocFOXQ2B_31-115                                               51.70%    passed     81.29%
 298  Tripe_ENA_GHAQ01020424_GHAQ01020424.1_28-110                    52.84%    passed     76.46%
 299  Aurco_scaffold3.g570.t1_97-179                                  52.84%    passed     80.22%
 300  Casxa_jgi_Casxa1_14671_96-178                                   52.84%    passed     86.10%
 301  PnocFOXQ2A_99-181                                               52.84%    passed     90.22%
 302  Rhoes_XP_065066505.1_98-179                                     53.41%    passed     78.35%
 303  Sanma_ENSXQXP00000032249.1_ENSXQXG00000022448.1_110-191         53.41%    passed     58.97%
 304  Tripe_ENA_GHAQ01006626_GHAQ01006626.1_152-233                   53.41%    passed     92.51%
 305  Tripe_ENA_GHAQ01037600_GHAQ01037600.1_35-117                    52.84%    passed     76.34%
 306  Clyhe_Chem_XLOC_000890_313-395                                  52.84%    passed     92.42%
 307  Hydsy_XP_057316929.1_336-418                                    52.84%    passed     98.40%
 308  Clyhe_Chem_XLOC_003681_44-128                                   51.70%    passed     55.37%
 309  Hydvu_HVAEP9.G016399_28-112                                     51.70%    passed     63.26%
 310  Hydsy_XP_057315679.1_29-113                                     51.70%    passed     94.25%
 311  Aurco_scaffold1.g49.t1_110-194                                  51.70%    passed     89.06%
 312  Casxa_jgi_Casxa1_1314_97-181                                    51.70%    passed     92.79%
 313  Sanma_ENSXQXP00000007747.1_ENSXQXG00000005939.1_118-202         51.70%    passed     94.73%
 314  PnocFOXQ2E_105-189                                              51.70%    passed     94.73%
 315  Rhoes_XP_065059072.1_103-187                                    51.70%    passed     98.73%
 316  Tripe_ENA_GHAQ01054078_GHAQ01054078.1_176-260                   51.70%    passed     98.95%
 317  Clyhe_Chem_XLOC_011738_129-213                                  51.70%    passed     98.52%
 318  Hydsy_XP_057314391.1_106-190                                    51.70%    passed     93.06%
 319  Hydvu_HVAEP12.G021359_79-163                                    51.70%    passed     95.04%
 320  Hydvu_HVAEP12.G021363_53-137                                    51.70%    passed     75.84%
 321  Aurco_scaffold6.g184.t1_105-189                                 51.70%    passed     90.67%
 322  Rhoes_XP_065064909.1_111-195                                    51.70%    passed     63.92%
 323  Sanma_ENSXQXP00000029362.1_ENSXQXG00000020381.1_92-176          51.70%    passed     94.64%
 324  PnocFOXQ2D_114-197                                              52.27%    passed     66.02%
 325  Casxa_jgi_Casxa1_3085_132-214                                   52.84%    passed     87.12%
 326  Clyhe_Chem_XLOC_004250_129-210                                  53.41%    passed     98.23%
 327  Tripe_ENA_GHAQ01104189_GHAQ01104189.1_113-197                   51.70%    passed     93.86%
 328  Aurco_scaffold8.g689.t1_202-286                                 51.70%    passed     98.04%
 329  Brafl_XP_035658352.1_105-189                                    51.70%    passed     84.43%
 330  Dapma_XP_032788162.2_202-286                                    51.70%    passed     73.30%
 331  Maggi_XP_011425762.3_89-173                                     51.70%    passed     70.46%
 332  Owefu_CAH1797153.1_96-180                                       51.70%    passed     61.20%
 333  Owefu_CAH1797154.1_99-183                                       51.70%    passed     81.71%
 334  Exada_XP_020894072.1_105-189                                    51.70%    passed     92.59%
 335  Nemve_NV2.13108.1_98-182                                        51.70%    passed     96.94%
 336  Stypi_XP_022793008.1_95-179                                     51.70%    passed     69.09%
 337  Stypi_XP_022793010.1_39-123                                     51.70%    passed     82.41%
 338  Stypi_XP_022793009.1_58-142                                     51.70%    passed     96.48%
 339  Exada_XP_020916973.1_80-164                                     51.70%    passed     66.13%
 340  Stypi_XP_022788808.1_106-190                                    51.70%    passed     95.35%
 341  Stypi_XP_022783718.1_95-179                                     51.70%    passed     97.43%
 342  Nemve_NV2.13437.1_79-163                                        51.70%    passed     98.21%
 343  Clyhe_Chem_XLOC_010956_92-177                                   51.14%    passed     93.10%
 344  Hydsy_XP_057307510.1_106-190                                    51.70%    passed     91.31%
 345  Hydvu_HVAEP13.G025203_51-135                                    51.70%    passed     81.83%
 346  Mnele_evm.model.c9.390_126-210                                  51.70%    passed     90.77%
 347  Brafl_XP_035677674.1_201-285                                    51.70%    passed     77.52%
 348  Maggi_XP_011439389.1_210-294                                    51.70%    passed     93.51%
 349  Brafl_XP_035685196.1_82-166                                     51.70%    passed     71.24%
 350  Exada_XP_020908211.1_58-142                                     51.70%    passed     71.97%
 351  Nemve_NV2.23678.1_81-165                                        51.70%    passed     67.22%
 352  Stypi_XP_022803289.1_97-181                                     51.70%    passed     91.43%
 353  Clyhe_Chem_XLOC_014597_105-189                                  51.70%    passed     86.86%
 354  Hydsy_XP_057291682.1_77-161                                     51.70%    passed     99.23%
 355  Rhoes_XP_065051725.1_86-170                                     51.70%    passed     99.87%
 356  Sanma_ENSXQXP00000023407.1_ENSXQXG00000016521.1_47-131          51.70%    passed     88.16%
 357  Maggi_XP_011435457.3_75-159                                     51.70%    passed     98.66%
 358  Owefu_CAH1791637.1_159-243                                      51.70%    passed     71.18%
 359  Owefu_CAH1791640.1_189-273                                      51.70%    passed     58.24%
 360  Owefu_CAH1772308.1_164-248                                      51.70%    passed     46.60%
 361  Lytva_XP_041473326.1_74-158                                     51.70%    passed     53.59%
 362  Owefu_CAH1796331.1_15-99                                        51.70%    passed     99.78%
 363  Owefu_CAH1797155.1_61-146                                       51.14%    passed     51.81%
 364  Eupdu_EU_stt_00029063_485-569                                   51.70%    passed     95.42%
 365  Mnele_evm.model.c9.127_376-460                                  51.70%    passed     98.63%
 366  Owefu_CAH1797500.1_340-422                                      52.84%    passed     89.00%
 367  Exada_XP_020903273.1_116-201                                    51.14%    passed     95.64%
 368  Nemve_NV2.232.1_124-209                                         51.14%    passed     97.96%
 369  Stypi_XP_022801170.1_111-196                                    51.14%    passed     96.43%
 370  Exada_XP_020903274.1_92-175                                     52.27%    passed     91.08%
 371  Nemve_NV2.1396.1_85-170                                         51.14%    passed     98.89%
 372  Stypi_XP_022801171.1_90-172                                     52.84%    passed     96.32%
 373  Aurco_scaffold3.g220.t1_66-148                                  52.84%    passed     93.37%
 374  Rhoes_XP_065060136.1_50-134                                     51.70%    passed     84.40%
 375  Casxa_jgi_Casxa1_14337_105-186                                  53.41%    passed     96.18%
 376  Sanma_ENSXQXP00000028966.1_ENSXQXG00000020125.1_109-192         52.27%    passed     87.13%
 377  PnocFOXQ2C_55-139                                               51.70%    passed     99.72%
 378  Clyhe_Chem_XLOC_035798_54-137                                   52.27%    passed     97.95%
 379  Hydvu_HVAEP9.G016939_64-148                                     51.70%    passed     99.23%
 380  Hydsy_XP_057315263.1_55-138                                     52.27%    passed     96.10%
 381  Triad_B3S2K3_B3S2K3_TRIAD                                       47.16%    passed     55.32%
 382  Stypi_XP_022787555.1_87-171                                     51.70%    passed     64.08%
 383  Stypi_XP_022805085.1_41-125                                     51.70%    passed     83.30%
 384  Stypi_XP_022806034.1_26-119                                     46.59%    passed     76.28%
 385  Caeel_Q10924_FKH6_CAEEL                                         42.05%    passed     12.49%
 386  Brafl_XP_035673342.1_307-393                                    50.57%    passed     75.76%
 387  homsa_Q08050_FOXM1_HUMAN                                        47.16%    passed     92.23%
 388  Lytva_XP_041472262.1_302-385                                    52.27%    passed     80.48%
 389  Owefu_CAH1785768.1_243-328                                      51.14%    passed     78.28%
 390  Maggi_XP_065941476.1_513-596                                    52.27%    passed     58.50%
 391  Ampqu_XP_003386176.1_82-169                                     50.00%    passed     99.27%
 392  Ampqu_XP_003386177.1_67-154                                     50.00%    passed     97.64%
 393  Spola_SpoLa_ENSLPGP00000042598.1_ENSLPGG00000030307.1_61-148    50.00%    passed     59.04%
 394  Aurco_scaffold18.g661.t1_149-236                                50.00%    passed     94.63%
 395  Casxa_jgi_Casxa1_4106_149-236                                   50.00%    passed     97.73%
 396  Rhoes_XP_065072406.1_149-236                                    50.00%    passed     98.55%
 397  Sanma_ENSXQXP00000026632.1_ENSXQXG00000018584.1_150-237         50.00%    passed     99.51%
 398  PnocFOXN1/4_148-235                                             50.00%    passed     99.68%
 399  Tripe_ENA_GHAQ01068163_GHAQ01068163.1_161-248                   50.00%    passed     87.13%
 400  Clyhe_Chem_XLOC_0166380_188-275                                 50.00%    passed     97.44%
 401  Hydsy_XP_057297831.1_169-256                                    50.00%    passed     98.86%
 402  Hydvu_HVAEP3.G005557_173-260                                    50.00%    passed     97.64%
 403  Exada_XP_020892444.1_165-252                                    50.00%    passed     91.78%
 404  Nemve_NV2.14917.1_169-256                                       50.00%    passed     94.96%
 405  Stypi_XP_022799613.1_162-249                                    50.00%    passed     94.98%
 406  Eupdu_EU_stt_00026688_138-225                                   50.00%    passed     97.55%
 407  Brafl_XP_035692028.1_282-369                                    50.00%    passed     26.69%
 408  Lytva_XP_041467186.1_281-372                                    47.73%    passed     43.29%
 409  Dapma_XP_032787534.2_229-330                                    42.05%    passed     13.62%
 410  Maggi_XP_034303195.2_207-295                                    49.43%    passed     86.00%
 411  homsa_O15353_FOXN1_HUMAN                                        44.89%    passed     94.99%
 412  homsa_Q96NZ1_FOXN4_HUMAN                                        44.89%    passed     55.30%
 413  Triad_B3RKS1_B3RKS1_TRIAD                                       45.45%    passed     91.48%
 414  Brafl_XP_035677940.1_173-261                                    49.43%    passed     95.56%
 415  Subdo_SUB4.g18159.t1.p1|complete_181-272                        47.73%    passed     48.22%
 416  Subdo_SUB4.g6545.t1.p1|complete_15-102                          50.00%    passed     28.35%
 417  Ampqu_XP_003387576.1_159-249                                    48.30%    passed     79.89%
 418  Subdo_SUB4.g7684.t1.p1|complete_140-230                         48.30%    passed     94.85%
 419  Spola_SpoLa_ENSLPGP00000005344.1_ENSLPGG00000003949.1_19-111    47.16%    passed     60.75%
 420  Spola_SpoLa_ENSLPGP00000005354.1_ENSLPGG00000003949.1_124-207   52.27%    passed      6.87%
 421  Aurco_scaffold16.g589.t1_139-226                                50.00%    passed     98.11%
 422  Rhoes_XP_065052498.1_134-221                                    50.00%    passed     96.24%
 423  PnocFoxN2/3_139-226                                             50.00%    passed     99.63%
 424  Sanma_ENSXQXP00000026145.1_ENSXQXG00000018279.1_1-80            54.55%    passed     95.07%
 425  Brafl_XP_035695377.1_125-212                                    50.00%    passed     97.30%
 426  Maggi_XP_034324254.2_131-218                                    50.00%    passed     94.86%
 427  Owefu_CAH1793025.1_137-224                                      50.00%    passed     99.88%
 428  homsa_O00409_FOXN3_HUMAN                                        47.73%    passed     99.56%
 429  Lytva_XP_041468298.1_124-211                                    50.00%    passed     86.06%
 430  Exada_XP_020911880.1_111-200                                    48.86%    passed     70.84%
 431  Nemve_NV2.11642.1_121-208                                       50.00%    passed     78.94%
 432  Stypi_XP_022782448.1_121-212                                    47.73%    passed     95.27%
 433  Tripe_ENA_GHAQ01048212_GHAQ01048212.1_165-251                   50.57%    passed     81.62%
 434  Triad_B3RL96_B3RL96_TRIAD                                       50.00%    passed     98.22%
 435  homsa_P32314_FOXN2_HUMAN                                        44.89%    passed     90.73%
 436  Mnele_evm.model.c13.582_172-259                                 50.00%    passed     78.78%
 437  Casxa_jgi_Casxa1_23684_185-269                                  51.70%    passed     64.84%
 438  Clyhe_Chem_XLOC_028622_229-314                                  51.14%    passed     97.69%
 439  Hydsy_XP_057303654.1_220-305                                    51.14%    passed     97.37%
 440  Hydvu_HVAEP6.G011403_191-276                                    51.14%    passed     96.08%
 441  Eupdu_EU_stt_00007924_115-189                                   57.39%    passed     44.73%
 442  Dapma_XP_032784487.2_178-264                                    50.57%    passed     92.48%
 443  Triad_B3RJ86_B3RJ86_TRIAD                                       52.27%    passed     71.56%
 444  Ampqu_XP_019850123.1_193-281                                    49.43%    passed     94.75%
 445  Spola_SpoLa_ENSLPGP00000035639.1_ENSLPGG00000025264.1_126-214   49.43%    passed     85.82%
 446  Subdo_SUB4.g6895.t1.p1|complete_106-194                         49.43%    passed     99.33%
 447  Maggi_XP_034313225.2_200-284                                    51.70%    passed     56.44%
 448  Ampqu_XP_019855855.1_469-552                                    52.27%    passed     98.93%
 449  Subdo_SUB4.g7692.t1.p1|complete_461-544                         52.27%    passed     95.71%
 450  Aurco_scaffold20.g528.t5_630-710                                53.98%    passed     79.95%
 451  Sanma_ENSXQXP00000007889.1_ENSXQXG00000006040.1_243-323         53.98%    passed     79.95%
 452  Rhoes_XP_065066917.1_625-705                                    53.98%    passed     72.71%
 453  PnocFOXP_581-661                                                53.98%    passed     59.84%
 454  Clyhe_Chem_XLOC_042667_445-526                                  53.41%    passed     47.32%
 455  Hydsy_XP_057296057.1_555-636                                    53.41%    passed     49.88%
 456  Hydvu_HVAEP14.G026976_456-537                                   53.41%    passed     36.98%
 457  Tripe_ENA_GHAQ01073254_GHAQ01073254.1_613-694                   53.41%    passed     47.82%
 458  Dapma_XP_045029233.1_670-751                                    53.41%    passed      8.49%
 459  Maggi_XP_011419330.3_662-743                                    53.41%    passed     18.23%
 460  Exada_XP_020898095.1_461-542                                    53.41%    passed     49.34%
 461  Nemve_NV2.645.2_471-551                                         53.98%    passed     37.35%
 462  Lytva_XP_041460423.1_482-563                                    53.41%    failed      2.05%
 463  Stypi_XP_022801164.1_473-554                                    53.41%    passed     60.44%
 464  Owefu_CAH1784951.1_442-523                                      53.41%    passed     53.75%
 465  homsa_O15409_FOXP2_HUMAN                                        48.30%    passed      7.46%
 466  homsa_Q9H334_FOXP1_HUMAN                                        48.30%    passed     41.36%
 467  homsa_Q8IVH2_FOXP4_HUMAN                                        47.16%    passed      6.53%
 468  Dapma_XP_045029222.1_670-750                                    53.98%    passed     50.71%
 469  Brafl_XP_035678150.1_538-619                                    53.41%    passed     50.46%
 470  homsa_Q9BZS1_FOXP3_HUMAN                                        50.57%    passed      7.39%
 471  Mnele_evm.model.c2.282_274-354                                  53.98%    passed     88.51%
 472  Triad_B3RUJ2_B3RUJ2_TRIAD                                       52.27%    passed     81.38%
 473  Mnele_evm.model.c4.715_136-223                                  50.00%    passed     66.15%
 474  Ampqu_XP_019848933.1_254-337                                    52.27%    passed     98.88%
 475  Caeel_G5EGC9_PES1_CAEEL                                         46.59%    passed     98.26%
 476  Caeel_Q21187_FKH9_CAEEL                                         45.45%    passed     24.46%
 477  Ampqu_XP_003387810.3_85-172                                     50.00%    passed     14.13%
 478  Ampqu_XP_019858167.1_47-134                                     50.00%    passed     23.78%
 479  Spola_SpoLa_ENSLPGP00000036831.1_ENSLPGG00000026141.1_141-228   50.00%    passed      9.84%
 480  Subdo_SUB4.g567.t1.p1|complete_84-172                           49.43%    passed     16.38%
 481  Aurco_scaffold11.g208.t1_79-166                                 50.00%    passed     65.62%
 482  Casxa_jgi_Casxa1_27742_78-165                                   50.00%    passed     83.46%
 483  PnocFOXO_74-161                                                 50.00%    passed     83.47%
 484  Sanma_ENSXQXP00000001352.1_ENSXQXG00000001178.1_76-163          50.00%    passed     74.08%
 485  Rhoes_XP_065057244.1_81-168                                     50.00%    passed     74.38%
 486  Clyhe_Chem_XLOC_004723_81-168                                   50.00%    passed     95.43%
 487  Hydsy_XP_057306250.1_82-169                                     50.00%    passed     93.68%
 488  Tripe_ENA_GHAQ01131611_GHAQ01131611.1_79-166                    50.00%    passed     92.14%
 489  Hydvu_HVAEP3.G005217_89-177                                     49.43%    passed     55.13%
 490  Brafl_XP_035685890.1_106-193                                    50.00%    passed     81.56%
 491  Stypi_XP_022789569.1_56-143                                     50.00%    passed     45.58%
 492  Exada_XP_020895685.1_57-145                                     49.43%    passed     56.93%
 493  Nemve_NV2.9025.1_64-152                                         49.43%    passed     61.11%
 494  Dapma_XP_032787349.1_104-191                                    50.00%    passed     75.40%
 495  Owefu_CAH1798357.1_70-157                                       50.00%    passed     94.58%
 496  Lytva_XP_041463504.1_95-182                                     50.00%    passed     76.87%
 497  Caeel_O16850_FOXO_CAEEL                                         46.59%    passed     77.13%
 498  Triad_B3RXR0_B3RXR0_TRIAD                                       39.77%    passed     23.98%
 499  homsa_O43524_FOXO3_HUMAN                                        46.02%    passed     78.62%
 500  homsa_A8MYZ6_FOXO6_HUMAN                                        46.02%    passed     80.46%
 501  homsa_Q12778_FOXO1_HUMAN                                        56.25%    passed     74.97%
 502  homsa_P98177_FOXO4_HUMAN                                        49.43%    passed     61.81%
 503  Exada_XP_020907065.1_184-274                                    48.30%    passed     33.16%
 504  Nemve_NV2.13053.1_170-258                                       49.43%    passed     14.47%
 505  Nemve_NV2.13744.1_122-211                                       48.86%    passed     54.14%
 506  Nemve_NV2.14350.1_112-203                                       47.73%    passed     42.91%
 507  Stypi_XP_022792313.1_190-278                                    49.43%    passed     35.33%
 508  Exada_XP_028519169.1_145-234                                    48.86%    passed     88.01%
 509  Exada_XP_020915574.1_132-220                                    49.43%    passed     45.92%
 510  Nemve_NV2.20634.1_176-262                                       50.57%    passed     55.28%
 511  Dapma_XP_032786490.1_118-199                                    53.41%    passed     55.20%
 512  Owefu_CAH1787765.1_97-178                                       53.41%    passed     78.40%
 513  Lytva_XP_041464060.1_40-127                                     50.00%    passed     76.15%
 514  homsa_Q6PIV2_FOXR1_HUMAN                                        43.18%    passed     15.33%
 515  homsa_Q6PJQ5_FOXR2_HUMAN                                        41.48%    passed     25.30%
 516  Mnele_evm.model.c8.473_187-264                                  55.68%    passed     85.80%
 517  Maggi_XP_011412452.3_64-156                                     47.16%    passed     33.92%
 518  Owefu_CAH1782543.1_364-455                                      47.73%    passed     18.97%
 519  Owefu_CAH1775657.1_44-128                                       51.70%    passed     58.14%
 520  Lytva_XP_041459487.1_53-142                                     48.86%    passed     44.70%
 521  Spola_SpoLa_ENSLPGP00000028744.1_ENSLPGG00000020188.1_38-126    49.43%    passed     78.37%
 522  Subdo_SUB4.g16505.t1.p1|complete_2-95                           46.59%    passed     98.24%
 523  Subdo_SUB4.g16630.t1.p1|complete_24-116                         47.16%    passed     78.17%
 524  Aurco_scaffold17.g697.t1_165-246                                53.41%    passed     53.43%
 525  Rhoes_XP_065070786.1_86-167                                     53.41%    passed      7.13%
 526  Casxa_jgi_Casxa1_14198_77-158                                   53.41%    passed     51.45%
 527  Maggi_XP_011447567.3_7-88                                       53.41%    passed     58.30%
 528  Maggi_XP_065937026.1_7-88                                       53.41%    passed     21.68%
 529  Lytva_XP_041485922.1_126-217                                    47.73%    passed     31.44%
 530  Maggi_XP_019927657.3_211-298                                    50.00%    passed     44.88%
 531  Owefu_CAH1785469.1_29-119                                       48.30%    passed     63.53%
 532  Caeel_A0A078BQN7_FKH3_CAEEL                                     42.61%    passed     85.83%
 533  Caeel_O17617_FKH4_CAEEL                                         42.61%    passed     75.60%
 534  Caeel_Q19802_FKH5_CAEEL                                         47.73%    passed     64.49%
 535  Brafl_XP_035663165.1_29-107                                     55.11%    failed      0.98%
WARNING: 353 sequences contain more than 50% gaps/ambiguity
****  TOTAL                                                           50.26%  2 sequences failed composition chi2 test (p-value<5%; df=19)
NOTE: Casxa_jgi_Casxa1_1805_88-174 is identical to Aurco_scaffold1.g144.t1_92-178 but kept for subsequent analysis
NOTE: Rhoes_XP_065052199.1_66-152 is identical to Aurco_scaffold16.g749.t1_184-270 but kept for subsequent analysis
NOTE: PnocFOXA_64-150 is identical to Sanma_ENSXQXP00000024501.1_ENSXQXG00000017190.1_189-275 but kept for subsequent analysis
NOTE: Nemve_NV2.11441.1_39-125 is identical to Exada_XP_020893103.1_54-140 but kept for subsequent analysis
NOTE: Owefu_CAH1792690.1_130-216 is identical to Maggi_XP_011413445.1_156-242 but kept for subsequent analysis
NOTE: PnocFOX-like2_77-164 is identical to PnocFOX-like1_77-164 but kept for subsequent analysis
NOTE: PnocFOXQ2E_105-189 is identical to Sanma_ENSXQXP00000007747.1_ENSXQXG00000005939.1_118-202 but kept for subsequent analysis
NOTE: Sanma_ENSXQXP00000007889.1_ENSXQXG00000006040.1_243-323 is identical to Aurco_scaffold20.g528.t5_630-710 but kept for subsequent analysis
Checking for duplicate sequences: done in 0.00233967 secs using 1332% CPU
Identifying sites to remove: done in 0.0016097 secs using 1893% CPU
NOTE: 3 identical sequences (see below) will be ignored for subsequent analysis
NOTE: Rhoes_XP_065058170.1_89-175 (identical to Aurco_scaffold1.g144.t1_92-178) is ignored but added at the end
NOTE: Sanma_ENSXQXP00000009239.1_ENSXQXG00000006953.1_44-130 (identical to Aurco_scaffold1.g144.t1_92-178) is ignored but added at the end
NOTE: PnocFOXD_99-185 (identical to Aurco_scaffold1.g144.t1_92-178) is ignored but added at the end
Alignment was printed to /lisc/data/scratch/molevo/peyroche/forkhead/results//all_fox_domains_mafft_global.uniqueseq.phy

For your convenience alignment with unique sequences printed to /lisc/data/scratch/molevo/peyroche/forkhead/results//all_fox_domains_mafft_global.uniqueseq.phy

Creating fast initial parsimony tree by random order stepwise addition...
1.012 seconds, parsimony score: 6908 (based on 142 sites)
WARNING: Number of threads seems too high for short alignments. Use -T AUTO to determine best number of threads.
Perform fast likelihood tree search using LG+I+G model...
Estimate model parameters (epsilon = 5.000)
Perform nearest neighbor interchange...
Optimizing NNI: done in 5.66185 secs using 1587% CPU
Estimate model parameters (epsilon = 1.000)
1. Initial log-likelihood: -33097.620
Optimal log-likelihood: -33097.617
Proportion of invariable sites: 0.007
Gamma shape alpha: 0.925
Parameters optimization took 1 rounds (0.367 sec)
Time for fast ML tree search: 8.174 seconds

NOTE: ModelFinder requires 165 MB RAM!
ModelFinder will test up to 1232 protein models (sample size: 176 epsilon: 0.100) ...
 No. Model         -LnL         df  AIC          AICc         BIC
WARNING: Number of threads seems too high for short alignments. Use -T AUTO to determine best number of threads.
  1  LG            35425.235    1061 72972.471    2326536.471  76336.354
WARNING: Number of threads seems too high for short alignments. Use -T AUTO to determine best number of threads.
  2  LG+I          35354.197    1062 72832.394    2330644.394  76199.448
WARNING: Number of threads seems too high for short alignments. Use -T AUTO to determine best number of threads.
  3  LG+G4         33108.432    1062 68340.863    2326152.863  71707.917
WARNING: Number of threads seems too high for short alignments. Use -T AUTO to determine best number of threads.
  4  LG+I+G4       33097.617    1063 68321.234    2330385.234  71691.458
WARNING: Number of threads seems too high for short alignments. Use -T AUTO to determine best number of threads.
  5  LG+R2         33645.042    1063 69416.084    2331480.084  72786.308
WARNING: Number of threads seems too high for short alignments. Use -T AUTO to determine best number of threads.
  6  LG+R3         33249.129    1065 68628.259    2339208.259  72004.824
WARNING: Number of threads seems too high for short alignments. Use -T AUTO to determine best number of threads.
  7  LG+R4         33094.521    1067 68323.042    2347435.042  71705.948
WARNING: Number of threads seems too high for short alignments. Use -T AUTO to determine best number of threads.
  8  LG+R5         33042.690    1069 68223.381    2355883.381  71612.628
WARNING: Number of threads seems too high for short alignments. Use -T AUTO to determine best number of threads.
  9  LG+R6         33029.712    1071 68201.425    2364425.425  71597.013
WARNING: Number of threads seems too high for short alignments. Use -T AUTO to determine best number of threads.
 10  LG+R7         33010.275    1073 68166.550    2372970.550  71568.479
WARNING: Number of threads seems too high for short alignments. Use -T AUTO to determine best number of threads.
 11  LG+R8         33009.122    1075 68168.245    2381568.245  71576.515
WARNING: Number of threads seems too high for short alignments. Use -T AUTO to determine best number of threads.
 14  LG+I+R2       33625.553    1064 69379.106    2335699.106  72752.501
WARNING: Number of threads seems too high for short alignments. Use -T AUTO to determine best number of threads.
 15  LG+I+R3       33233.203    1066 68598.405    2343442.405  71978.141
WARNING: Number of threads seems too high for short alignments. Use -T AUTO to determine best number of threads.
 16  LG+I+R4       33084.704    1068 68305.408    2351689.408  71691.484
WARNING: Number of threads seems too high for short alignments. Use -T AUTO to determine best number of threads.
 17  LG+I+R5       33041.484    1070 68222.969    2360162.969  71615.387
WARNING: Number of threads seems too high for short alignments. Use -T AUTO to determine best number of threads.
 18  LG+I+R6       33025.166    1072 68194.332    2368706.332  71593.091
WARNING: Number of threads seems too high for short alignments. Use -T AUTO to determine best number of threads.
 19  LG+I+R7       33006.747    1074 68161.493    2377261.493  71566.593
WARNING: Number of threads seems too high for short alignments. Use -T AUTO to determine best number of threads.
 20  LG+I+R8       33005.474    1076 68162.949    2385866.949  71574.389
WARNING: Number of threads seems too high for short alignments. Use -T AUTO to determine best number of threads.
 32  LG+F+R7       33190.952    1092 68565.905    2455677.905  72028.073
WARNING: Number of threads seems too high for short alignments. Use -T AUTO to determine best number of threads.
 33  LG+F+R8       33189.075    1094 68566.150    2464426.150  72034.660
WARNING: Number of threads seems too high for short alignments. Use -T AUTO to determine best number of threads.
 41  LG+F+I+R7     33187.178    1093 68560.355    2460044.355  72025.694
WARNING: Number of threads seems too high for short alignments. Use -T AUTO to determine best number of threads.
 42  LG+F+I+R8     33185.363    1095 68560.725    2468800.725  72032.405
WARNING: Number of threads seems too high for short alignments. Use -T AUTO to determine best number of threads.
 54  WAG+R7        33299.119    1073 68744.237    2373548.237  72146.167
WARNING: Number of threads seems too high for short alignments. Use -T AUTO to determine best number of threads.
 55  WAG+R8        33298.657    1075 68747.314    2382147.314  72155.584
WARNING: Number of threads seems too high for short alignments. Use -T AUTO to determine best number of threads.
 63  WAG+I+R7      33295.465    1074 68738.929    2377838.929  72144.029
WARNING: Number of threads seems too high for short alignments. Use -T AUTO to determine best number of threads.
 64  WAG+I+R8      33295.001    1076 68742.001    2386446.001  72153.442
WARNING: Number of threads seems too high for short alignments. Use -T AUTO to determine best number of threads.
 76  WAG+F+R7      33487.534    1092 69159.067    2456271.067  72621.236
WARNING: Number of threads seems too high for short alignments. Use -T AUTO to determine best number of threads.
 77  WAG+F+R8      33486.773    1094 69161.547    2465021.547  72630.056
WARNING: Number of threads seems too high for short alignments. Use -T AUTO to determine best number of threads.
 85  WAG+F+I+R7    33483.362    1093 69152.724    2460636.724  72618.063
WARNING: Number of threads seems too high for short alignments. Use -T AUTO to determine best number of threads.
 86  WAG+F+I+R8    33482.542    1095 69155.084    2469395.084  72626.764
WARNING: Number of threads seems too high for short alignments. Use -T AUTO to determine best number of threads.
 98  JTT+R7        33190.095    1073 68526.189    2373330.189  71928.118
WARNING: Number of threads seems too high for short alignments. Use -T AUTO to determine best number of threads.
 99  JTT+R8        33188.739    1075 68527.477    2381927.477  71935.747
WARNING: Number of threads seems too high for short alignments. Use -T AUTO to determine best number of threads.
107  JTT+I+R7      33188.034    1074 68524.067    2377624.067  71929.167
WARNING: Number of threads seems too high for short alignments. Use -T AUTO to determine best number of threads.
108  JTT+I+R8      33186.806    1076 68525.612    2386229.612  71937.053
WARNING: Number of threads seems too high for short alignments. Use -T AUTO to determine best number of threads.
120  JTT+F+R7      33334.650    1092 68853.299    2455965.299  72315.468
WARNING: Number of threads seems too high for short alignments. Use -T AUTO to determine best number of threads.
121  JTT+F+R8      33332.978    1094 68853.956    2464713.956  72322.466
WARNING: Number of threads seems too high for short alignments. Use -T AUTO to determine best number of threads.
129  JTT+F+I+R7    33331.751    1093 68849.502    2460333.502  72314.841
WARNING: Number of threads seems too high for short alignments. Use -T AUTO to determine best number of threads.
130  JTT+F+I+R8    33330.222    1095 68850.443    2469090.443  72322.123
WARNING: Number of threads seems too high for short alignments. Use -T AUTO to determine best number of threads.
142  Q.PFAM+R7     33083.406    1073 68312.811    2373116.811  71714.741
WARNING: Number of threads seems too high for short alignments. Use -T AUTO to determine best number of threads.
143  Q.PFAM+R8     33079.976    1075 68309.952    2381709.952  71718.222
WARNING: Number of threads seems too high for short alignments. Use -T AUTO to determine best number of threads.
151  Q.PFAM+I+R7   33079.770    1074 68307.539    2377407.539  71712.639
WARNING: Number of threads seems too high for short alignments. Use -T AUTO to determine best number of threads.
152  Q.PFAM+I+R8   33076.339    1076 68304.678    2386008.678  71716.119
WARNING: Number of threads seems too high for short alignments. Use -T AUTO to determine best number of threads.
164  Q.PFAM+F+R7   33217.783    1092 68619.565    2455731.565  72081.734
WARNING: Number of threads seems too high for short alignments. Use -T AUTO to determine best number of threads.
165  Q.PFAM+F+R8   33214.329    1094 68616.657    2464476.657  72085.167
WARNING: Number of threads seems too high for short alignments. Use -T AUTO to determine best number of threads.
173  Q.PFAM+F+I+R7 33213.113    1093 68612.226    2460096.226  72077.565
WARNING: Number of threads seems too high for short alignments. Use -T AUTO to determine best number of threads.
174  Q.PFAM+F+I+R8 33209.689    1095 68609.377    2468849.377  72081.057
WARNING: Number of threads seems too high for short alignments. Use -T AUTO to determine best number of threads.
186  Q.BIRD+R7     33791.434    1073 69728.869    2374532.869  73130.798
WARNING: Number of threads seems too high for short alignments. Use -T AUTO to determine best number of threads.
187  Q.BIRD+R8     33789.904    1075 69729.807    2383129.807  73138.077
WARNING: Number of threads seems too high for short alignments. Use -T AUTO to determine best number of threads.
195  Q.BIRD+I+R7   33790.711    1074 69729.422    2378829.422  73134.521
WARNING: Number of threads seems too high for short alignments. Use -T AUTO to determine best number of threads.
196  Q.BIRD+I+R8   33789.416    1076 69730.831    2387434.831  73142.272
WARNING: Number of threads seems too high for short alignments. Use -T AUTO to determine best number of threads.
208  Q.BIRD+F+R7   33940.558    1092 70065.117    2457177.117  73527.285
WARNING: Number of threads seems too high for short alignments. Use -T AUTO to determine best number of threads.
209  Q.BIRD+F+R8   33935.775    1094 70059.550    2465919.550  73528.059
WARNING: Number of threads seems too high for short alignments. Use -T AUTO to determine best number of threads.
217  Q.BIRD+F+I+R7 33940.769    1093 70067.538    2461551.538  73532.877
WARNING: Number of threads seems too high for short alignments. Use -T AUTO to determine best number of threads.
218  Q.BIRD+F+I+R8 33936.080    1095 70062.160    2470302.160  73533.840
WARNING: Number of threads seems too high for short alignments. Use -T AUTO to determine best number of threads.
230  Q.MAMMAL+R7   33530.351    1073 69206.702    2374010.702  72608.632
WARNING: Number of threads seems too high for short alignments. Use -T AUTO to determine best number of threads.
231  Q.MAMMAL+R8   33525.397    1075 69200.794    2382600.794  72609.065
WARNING: Number of threads seems too high for short alignments. Use -T AUTO to determine best number of threads.
239  Q.MAMMAL+I+R7 33529.272    1074 69206.544    2378306.544  72611.644
WARNING: Number of threads seems too high for short alignments. Use -T AUTO to determine best number of threads.
240  Q.MAMMAL+I+R8 33524.463    1076 69200.926    2386904.926  72612.367
WARNING: Number of threads seems too high for short alignments. Use -T AUTO to determine best number of threads.
252  Q.MAMMAL+F+R7 33711.864    1092 69607.728    2456719.728  73069.896
WARNING: Number of threads seems too high for short alignments. Use -T AUTO to determine best number of threads.
253  Q.MAMMAL+F+R8 33707.449    1094 69602.898    2465462.898  73071.408
WARNING: Number of threads seems too high for short alignments. Use -T AUTO to determine best number of threads.
261  Q.MAMMAL+F+I+R7 33711.480    1093 69608.960    2461092.960  73074.299
WARNING: Number of threads seems too high for short alignments. Use -T AUTO to determine best number of threads.
262  Q.MAMMAL+F+I+R8 33707.181    1095 69604.361    2469844.361  73076.041
WARNING: Number of threads seems too high for short alignments. Use -T AUTO to determine best number of threads.
274  Q.INSECT+R7   32836.487    1073 67818.974    2372622.974  71220.903
WARNING: Number of threads seems too high for short alignments. Use -T AUTO to determine best number of threads.
275  Q.INSECT+R8   32830.628    1075 67811.256    2381211.256  71219.526
WARNING: Number of threads seems too high for short alignments. Use -T AUTO to determine best number of threads.
283  Q.INSECT+I+R7 32834.204    1074 67816.408    2376916.408  71221.508
WARNING: Number of threads seems too high for short alignments. Use -T AUTO to determine best number of threads.
284  Q.INSECT+I+R8 32828.329    1076 67808.659    2385512.659  71220.099
WARNING: Number of threads seems too high for short alignments. Use -T AUTO to determine best number of threads.
296  Q.INSECT+F+R7 33065.918    1092 68315.836    2455427.836  71778.005
WARNING: Number of threads seems too high for short alignments. Use -T AUTO to determine best number of threads.
297  Q.INSECT+F+R8 33060.753    1094 68309.506    2464169.506  71778.016
WARNING: Number of threads seems too high for short alignments. Use -T AUTO to determine best number of threads.
305  Q.INSECT+F+I+R7 33066.685    1093 68319.370    2459803.370  71784.709
WARNING: Number of threads seems too high for short alignments. Use -T AUTO to determine best number of threads.
306  Q.INSECT+F+I+R8 33061.520    1095 68313.040    2468553.040  71784.720
WARNING: Number of threads seems too high for short alignments. Use -T AUTO to determine best number of threads.
318  Q.PLANT+R7    33067.046    1073 68280.092    2373084.092  71682.022
WARNING: Number of threads seems too high for short alignments. Use -T AUTO to determine best number of threads.
319  Q.PLANT+R8    33062.124    1075 68274.249    2381674.249  71682.519
WARNING: Number of threads seems too high for short alignments. Use -T AUTO to determine best number of threads.
327  Q.PLANT+I+R7  33065.447    1074 68278.893    2377378.893  71683.993
WARNING: Number of threads seems too high for short alignments. Use -T AUTO to determine best number of threads.
328  Q.PLANT+I+R8  33060.572    1076 68273.145    2385977.145  71684.586
WARNING: Number of threads seems too high for short alignments. Use -T AUTO to determine best number of threads.
340  Q.PLANT+F+R7  33273.731    1092 68731.461    2455843.461  72193.630
WARNING: Number of threads seems too high for short alignments. Use -T AUTO to determine best number of threads.
341  Q.PLANT+F+R8  33263.009    1094 68714.019    2464574.019  72182.528
WARNING: Number of threads seems too high for short alignments. Use -T AUTO to determine best number of threads.
349  Q.PLANT+F+I+R7 33271.465    1093 68728.930    2460212.930  72194.269
WARNING: Number of threads seems too high for short alignments. Use -T AUTO to determine best number of threads.
350  Q.PLANT+F+I+R8 33265.367    1095 68720.734    2468960.734  72192.414
WARNING: Number of threads seems too high for short alignments. Use -T AUTO to determine best number of threads.
362  Q.YEAST+R7    32964.488    1073 68074.976    2372878.976  71476.905
WARNING: Number of threads seems too high for short alignments. Use -T AUTO to determine best number of threads.
363  Q.YEAST+R8    32957.397    1075 68064.795    2381464.795  71473.065
WARNING: Number of threads seems too high for short alignments. Use -T AUTO to determine best number of threads.
371  Q.YEAST+I+R7  32964.983    1074 68077.965    2377177.965  71483.065
WARNING: Number of threads seems too high for short alignments. Use -T AUTO to determine best number of threads.
372  Q.YEAST+I+R8  32959.145    1076 68070.289    2385774.289  71481.730
WARNING: Number of threads seems too high for short alignments. Use -T AUTO to determine best number of threads.
384  Q.YEAST+F+R7  33051.527    1092 68287.054    2455399.054  71749.223
WARNING: Number of threads seems too high for short alignments. Use -T AUTO to determine best number of threads.
385  Q.YEAST+F+R8  33043.832    1094 68275.664    2464135.664  71744.174
WARNING: Number of threads seems too high for short alignments. Use -T AUTO to determine best number of threads.
393  Q.YEAST+F+I+R7 33054.183    1093 68294.367    2459778.367  71759.706
WARNING: Number of threads seems too high for short alignments. Use -T AUTO to determine best number of threads.
394  Q.YEAST+F+I+R8 33047.840    1095 68285.680    2468525.680  71757.360
WARNING: Number of threads seems too high for short alignments. Use -T AUTO to determine best number of threads.
406  JTTDCMUT+R7   33182.336    1073 68510.672    2373314.672  71912.601
WARNING: Number of threads seems too high for short alignments. Use -T AUTO to determine best number of threads.
407  JTTDCMUT+R8   33178.782    1075 68507.565    2381907.565  71915.835
WARNING: Number of threads seems too high for short alignments. Use -T AUTO to determine best number of threads.
415  JTTDCMUT+I+R7 33179.180    1074 68506.360    2377606.360  71911.460
WARNING: Number of threads seems too high for short alignments. Use -T AUTO to determine best number of threads.
416  JTTDCMUT+I+R8 33177.073    1076 68506.147    2386210.147  71917.588
WARNING: Number of threads seems too high for short alignments. Use -T AUTO to determine best number of threads.
428  JTTDCMUT+F+R7 33327.543    1092 68839.087    2455951.087  72301.255
WARNING: Number of threads seems too high for short alignments. Use -T AUTO to determine best number of threads.
429  JTTDCMUT+F+R8 33324.447    1094 68836.894    2464696.894  72305.404
WARNING: Number of threads seems too high for short alignments. Use -T AUTO to determine best number of threads.
437  JTTDCMUT+F+I+R7 33327.570    1093 68841.141    2460325.141  72306.480
WARNING: Number of threads seems too high for short alignments. Use -T AUTO to determine best number of threads.
438  JTTDCMUT+F+I+R8 33325.917    1095 68841.834    2469081.834  72313.514
WARNING: Number of threads seems too high for short alignments. Use -T AUTO to determine best number of threads.
450  DCMUT+R7      33492.513    1073 69131.026    2373935.026  72532.955
WARNING: Number of threads seems too high for short alignments. Use -T AUTO to determine best number of threads.
451  DCMUT+R8      33488.161    1075 69126.322    2382526.322  72534.592
WARNING: Number of threads seems too high for short alignments. Use -T AUTO to determine best number of threads.
459  DCMUT+I+R7    33488.591    1074 69125.183    2378225.183  72530.282
WARNING: Number of threads seems too high for short alignments. Use -T AUTO to determine best number of threads.
460  DCMUT+I+R8    33485.815    1076 69123.631    2386827.631  72535.072
WARNING: Number of threads seems too high for short alignments. Use -T AUTO to determine best number of threads.
472  DCMUT+F+R7    33574.474    1092 69332.948    2456444.948  72795.116
WARNING: Number of threads seems too high for short alignments. Use -T AUTO to determine best number of threads.
473  DCMUT+F+R8    33570.110    1094 69328.219    2465188.219  72796.729
WARNING: Number of threads seems too high for short alignments. Use -T AUTO to determine best number of threads.
481  DCMUT+F+I+R7  33570.933    1093 69327.865    2460811.865  72793.204
WARNING: Number of threads seems too high for short alignments. Use -T AUTO to determine best number of threads.
482  DCMUT+F+I+R8  33567.313    1095 69324.626    2469564.626  72796.306
WARNING: Number of threads seems too high for short alignments. Use -T AUTO to determine best number of threads.
494  VT+R7         33406.157    1073 68958.314    2373762.314  72360.243
WARNING: Number of threads seems too high for short alignments. Use -T AUTO to determine best number of threads.
495  VT+R8         33398.530    1075 68947.059    2382347.059  72355.330
WARNING: Number of threads seems too high for short alignments. Use -T AUTO to determine best number of threads.
503  VT+I+R7       33403.132    1074 68954.264    2378054.264  72359.363
WARNING: Number of threads seems too high for short alignments. Use -T AUTO to determine best number of threads.
504  VT+I+R8       33400.645    1076 68953.291    2386657.291  72364.732
WARNING: Number of threads seems too high for short alignments. Use -T AUTO to determine best number of threads.
516  VT+F+R7       33557.479    1092 69298.959    2456410.959  72761.127
WARNING: Number of threads seems too high for short alignments. Use -T AUTO to determine best number of threads.
517  VT+F+R8       33550.876    1094 69289.752    2465149.752  72758.262
WARNING: Number of threads seems too high for short alignments. Use -T AUTO to determine best number of threads.
525  VT+F+I+R7     33558.978    1093 69303.957    2460787.957  72769.296
WARNING: Number of threads seems too high for short alignments. Use -T AUTO to determine best number of threads.
526  VT+F+I+R8     33556.039    1095 69302.078    2469542.078  72773.757
WARNING: Number of threads seems too high for short alignments. Use -T AUTO to determine best number of threads.
538  PMB+R7        33802.953    1073 69751.907    2374555.907  73153.836
WARNING: Number of threads seems too high for short alignments. Use -T AUTO to determine best number of threads.
539  PMB+R8        33795.238    1075 69740.477    2383140.477  73148.747
WARNING: Number of threads seems too high for short alignments. Use -T AUTO to determine best number of threads.
547  PMB+I+R7      33802.559    1074 69753.119    2378853.119  73158.219
WARNING: Number of threads seems too high for short alignments. Use -T AUTO to determine best number of threads.
548  PMB+I+R8      33799.808    1076 69751.617    2387455.617  73163.057
WARNING: Number of threads seems too high for short alignments. Use -T AUTO to determine best number of threads.
560  PMB+F+R7      33992.855    1092 70169.709    2457281.709  73631.878
WARNING: Number of threads seems too high for short alignments. Use -T AUTO to determine best number of threads.
561  PMB+F+R8      33985.627    1094 70159.254    2466019.254  73627.764
WARNING: Number of threads seems too high for short alignments. Use -T AUTO to determine best number of threads.
569  PMB+F+I+R7    33998.446    1093 70182.892    2461666.892  73648.232
WARNING: Number of threads seems too high for short alignments. Use -T AUTO to determine best number of threads.
570  PMB+F+I+R8    33995.142    1095 70180.284    2470420.284  73651.964
WARNING: Number of threads seems too high for short alignments. Use -T AUTO to determine best number of threads.
582  BLOSUM62+R7   33798.747    1073 69743.493    2374547.493  73145.422
WARNING: Number of threads seems too high for short alignments. Use -T AUTO to determine best number of threads.
583  BLOSUM62+R8   33794.090    1075 69738.180    2383138.180  73146.450
WARNING: Number of threads seems too high for short alignments. Use -T AUTO to determine best number of threads.
591  BLOSUM62+I+R7 33797.449    1074 69742.897    2378842.897  73147.997
WARNING: Number of threads seems too high for short alignments. Use -T AUTO to determine best number of threads.
592  BLOSUM62+I+R8 33795.179    1076 69742.359    2387446.359  73153.800
WARNING: Number of threads seems too high for short alignments. Use -T AUTO to determine best number of threads.
604  BLOSUM62+F+R7 33958.457    1092 70100.913    2457212.913  73563.082
WARNING: Number of threads seems too high for short alignments. Use -T AUTO to determine best number of threads.
605  BLOSUM62+F+R8 33953.391    1094 70094.781    2465954.781  73563.291
WARNING: Number of threads seems too high for short alignments. Use -T AUTO to determine best number of threads.
613  BLOSUM62+F+I+R7 33961.588    1093 70109.177    2461593.177  73574.516
WARNING: Number of threads seems too high for short alignments. Use -T AUTO to determine best number of threads.
614  BLOSUM62+F+I+R8 33958.634    1095 70107.269    2470347.269  73578.949
WARNING: Number of threads seems too high for short alignments. Use -T AUTO to determine best number of threads.
626  DAYHOFF+R7    33487.812    1073 69121.624    2373925.624  72523.553
WARNING: Number of threads seems too high for short alignments. Use -T AUTO to determine best number of threads.
627  DAYHOFF+R8    33484.967    1075 69119.934    2382519.934  72528.204
WARNING: Number of threads seems too high for short alignments. Use -T AUTO to determine best number of threads.
635  DAYHOFF+I+R7  33486.308    1074 69120.615    2378220.615  72525.715
WARNING: Number of threads seems too high for short alignments. Use -T AUTO to determine best number of threads.
636  DAYHOFF+I+R8  33483.468    1076 69118.936    2386822.936  72530.376
WARNING: Number of threads seems too high for short alignments. Use -T AUTO to determine best number of threads.
648  DAYHOFF+F+R7  33571.807    1092 69327.613    2456439.613  72789.782
WARNING: Number of threads seems too high for short alignments. Use -T AUTO to determine best number of threads.
649  DAYHOFF+F+R8  33568.159    1094 69324.318    2465184.318  72792.827
WARNING: Number of threads seems too high for short alignments. Use -T AUTO to determine best number of threads.
657  DAYHOFF+F+I+R7 33569.078    1093 69324.157    2460808.157  72789.496
WARNING: Number of threads seems too high for short alignments. Use -T AUTO to determine best number of threads.
658  DAYHOFF+F+I+R8 33565.415    1095 69320.830    2469560.830  72792.510
WARNING: Number of threads seems too high for short alignments. Use -T AUTO to determine best number of threads.
670  MTREV+R7      35346.005    1073 72838.009    2377642.009  76239.938
WARNING: Number of threads seems too high for short alignments. Use -T AUTO to determine best number of threads.
671  MTREV+R8      35338.822    1075 72827.643    2386227.643  76235.914
WARNING: Number of threads seems too high for short alignments. Use -T AUTO to determine best number of threads.
679  MTREV+I+R7    35338.453    1074 72824.905    2381924.905  76230.005
WARNING: Number of threads seems too high for short alignments. Use -T AUTO to determine best number of threads.
680  MTREV+I+R8    35331.400    1076 72814.800    2390518.800  76226.241
WARNING: Number of threads seems too high for short alignments. Use -T AUTO to determine best number of threads.
692  MTREV+F+R7    34197.267    1092 70578.534    2457690.534  74040.703
WARNING: Number of threads seems too high for short alignments. Use -T AUTO to determine best number of threads.
693  MTREV+F+R8    34194.028    1094 70576.056    2466436.056  74044.565
WARNING: Number of threads seems too high for short alignments. Use -T AUTO to determine best number of threads.
701  MTREV+F+I+R7  34192.919    1093 70571.838    2462055.838  74037.177
WARNING: Number of threads seems too high for short alignments. Use -T AUTO to determine best number of threads.
702  MTREV+F+I+R8  34189.803    1095 70569.606    2470809.606  74041.286
WARNING: Number of threads seems too high for short alignments. Use -T AUTO to determine best number of threads.
714  MTART+R7      35496.734    1073 73139.468    2377943.468  76541.397
WARNING: Number of threads seems too high for short alignments. Use -T AUTO to determine best number of threads.
715  MTART+R8      35479.129    1075 73108.258    2386508.258  76516.528
WARNING: Number of threads seems too high for short alignments. Use -T AUTO to determine best number of threads.
723  MTART+I+R7    35471.214    1074 73090.427    2382190.427  76495.527
WARNING: Number of threads seems too high for short alignments. Use -T AUTO to determine best number of threads.
724  MTART+I+R8    35465.610    1076 73083.220    2390787.220  76494.660
WARNING: Number of threads seems too high for short alignments. Use -T AUTO to determine best number of threads.
736  MTART+F+R7    34199.793    1092 70583.586    2457695.586  74045.755
WARNING: Number of threads seems too high for short alignments. Use -T AUTO to determine best number of threads.
737  MTART+F+R8    34171.579    1094 70531.157    2466391.157  73999.667
WARNING: Number of threads seems too high for short alignments. Use -T AUTO to determine best number of threads.
745  MTART+F+I+R7  34177.239    1093 70540.478    2462024.478  74005.817
WARNING: Number of threads seems too high for short alignments. Use -T AUTO to determine best number of threads.
746  MTART+F+I+R8  34166.076    1095 70522.152    2470762.152  73993.832
WARNING: Number of threads seems too high for short alignments. Use -T AUTO to determine best number of threads.
758  MTZOA+R7      34533.281    1073 71212.562    2376016.562  74614.492
WARNING: Number of threads seems too high for short alignments. Use -T AUTO to determine best number of threads.
759  MTZOA+R8      34529.704    1075 71209.408    2384609.408  74617.678
WARNING: Number of threads seems too high for short alignments. Use -T AUTO to determine best number of threads.
767  MTZOA+I+R7    34523.382    1074 71194.765    2380294.765  74599.864
WARNING: Number of threads seems too high for short alignments. Use -T AUTO to determine best number of threads.
768  MTZOA+I+R8    34520.272    1076 71192.543    2388896.543  74603.984
WARNING: Number of threads seems too high for short alignments. Use -T AUTO to determine best number of threads.
780  MTZOA+F+R7    33599.914    1092 69383.828    2456495.828  72845.996
WARNING: Number of threads seems too high for short alignments. Use -T AUTO to determine best number of threads.
781  MTZOA+F+R8    33592.013    1094 69372.026    2465232.026  72840.535
WARNING: Number of threads seems too high for short alignments. Use -T AUTO to determine best number of threads.
789  MTZOA+F+I+R7  33597.775    1093 69381.549    2460865.549  72846.888
WARNING: Number of threads seems too high for short alignments. Use -T AUTO to determine best number of threads.
790  MTZOA+F+I+R8  33587.909    1095 69365.819    2469605.819  72837.499
WARNING: Number of threads seems too high for short alignments. Use -T AUTO to determine best number of threads.
802  MTMET+R7      35013.983    1073 72173.966    2376977.966  75575.895
WARNING: Number of threads seems too high for short alignments. Use -T AUTO to determine best number of threads.
+R8 reinitialized from +R7 with factor 0.500
803  MTMET+R8      35010.102    1075 72170.203    2385570.203  75578.474
WARNING: Number of threads seems too high for short alignments. Use -T AUTO to determine best number of threads.
811  MTMET+I+R7    35020.965    1074 72189.930    2381289.930  75595.030
WARNING: Number of threads seems too high for short alignments. Use -T AUTO to determine best number of threads.
812  MTMET+I+R8    35014.074    1076 72180.148    2389884.148  75591.589
WARNING: Number of threads seems too high for short alignments. Use -T AUTO to determine best number of threads.
824  MTMET+F+R7    33798.004    1092 69780.008    2456892.008  73242.177
WARNING: Number of threads seems too high for short alignments. Use -T AUTO to determine best number of threads.
825  MTMET+F+R8    33792.293    1094 69772.587    2465632.587  73241.096
WARNING: Number of threads seems too high for short alignments. Use -T AUTO to determine best number of threads.
833  MTMET+F+I+R7  33801.673    1093 69789.345    2461273.345  73254.684
WARNING: Number of threads seems too high for short alignments. Use -T AUTO to determine best number of threads.
834  MTMET+F+I+R8  33795.066    1095 69780.131    2470020.131  73251.811
WARNING: Number of threads seems too high for short alignments. Use -T AUTO to determine best number of threads.
846  MTVER+R7      35665.456    1073 73476.912    2378280.912  76878.841
WARNING: Number of threads seems too high for short alignments. Use -T AUTO to determine best number of threads.
847  MTVER+R8      35654.299    1075 73458.597    2386858.597  76866.867
WARNING: Number of threads seems too high for short alignments. Use -T AUTO to determine best number of threads.
855  MTVER+I+R7    35678.128    1074 73504.257    2382604.257  76909.356
WARNING: Number of threads seems too high for short alignments. Use -T AUTO to determine best number of threads.
856  MTVER+I+R8    35666.300    1076 73484.601    2391188.601  76896.042
WARNING: Number of threads seems too high for short alignments. Use -T AUTO to determine best number of threads.
868  MTVER+F+R7    34526.931    1092 71237.862    2458349.862  74700.031
WARNING: Number of threads seems too high for short alignments. Use -T AUTO to determine best number of threads.
869  MTVER+F+R8    34519.748    1094 71227.496    2467087.496  74696.005
WARNING: Number of threads seems too high for short alignments. Use -T AUTO to determine best number of threads.
877  MTVER+F+I+R7  34541.260    1093 71268.520    2462752.520  74733.859
WARNING: Number of threads seems too high for short alignments. Use -T AUTO to determine best number of threads.
878  MTVER+F+I+R8  34525.728    1095 71241.455    2471481.455  74713.135
WARNING: Number of threads seems too high for short alignments. Use -T AUTO to determine best number of threads.
NOTE: 6.260 seconds to dump checkpoint file, increase to 126.000
890  MTINV+R7      35083.344    1073 72312.688    2377116.688  75714.617
WARNING: Number of threads seems too high for short alignments. Use -T AUTO to determine best number of threads.
891  MTINV+R8      35068.605    1075 72287.210    2385687.210  75695.480
WARNING: Number of threads seems too high for short alignments. Use -T AUTO to determine best number of threads.
899  MTINV+I+R7    35096.016    1074 72340.031    2381440.031  75745.131
WARNING: Number of threads seems too high for short alignments. Use -T AUTO to determine best number of threads.
900  MTINV+I+R8    35092.659    1076 72337.318    2390041.318  75748.759
WARNING: Number of threads seems too high for short alignments. Use -T AUTO to determine best number of threads.
912  MTINV+F+R7    33591.742    1092 69367.483    2456479.483  72829.652
WARNING: Number of threads seems too high for short alignments. Use -T AUTO to determine best number of threads.
913  MTINV+F+R8    33586.350    1094 69360.700    2465220.700  72829.210
WARNING: Number of threads seems too high for short alignments. Use -T AUTO to determine best number of threads.
921  MTINV+F+I+R7  33598.961    1093 69383.922    2460867.922  72849.261
WARNING: Number of threads seems too high for short alignments. Use -T AUTO to determine best number of threads.
922  MTINV+F+I+R8  33591.489    1095 69372.979    2469612.979  72844.659
WARNING: Number of threads seems too high for short alignments. Use -T AUTO to determine best number of threads.
934  MTMAM+R7      36221.614    1073 74589.228    2379393.228  77991.157
WARNING: Number of threads seems too high for short alignments. Use -T AUTO to determine best number of threads.
935  MTMAM+R8      36195.934    1075 74541.868    2387941.868  77950.138
WARNING: Number of threads seems too high for short alignments. Use -T AUTO to determine best number of threads.
943  MTMAM+I+R7    36198.568    1074 74545.135    2383645.135  77950.235
WARNING: Number of threads seems too high for short alignments. Use -T AUTO to determine best number of threads.
944  MTMAM+I+R8    36190.679    1076 74533.357    2392237.357  77944.798
WARNING: Number of threads seems too high for short alignments. Use -T AUTO to determine best number of threads.
956  MTMAM+F+R7    34907.817    1092 71999.635    2459111.635  75461.803
WARNING: Number of threads seems too high for short alignments. Use -T AUTO to determine best number of threads.
957  MTMAM+F+R8    34897.201    1094 71982.403    2467842.403  75450.912
WARNING: Number of threads seems too high for short alignments. Use -T AUTO to determine best number of threads.
965  MTMAM+F+I+R7  34902.448    1093 71990.896    2463474.896  75456.235
WARNING: Number of threads seems too high for short alignments. Use -T AUTO to determine best number of threads.
966  MTMAM+F+I+R8  34899.424    1095 71988.847    2472228.847  75460.527
WARNING: Number of threads seems too high for short alignments. Use -T AUTO to determine best number of threads.
978  FLAVI+R7      34700.334    1073 71546.668    2376350.668  74948.598
WARNING: Number of threads seems too high for short alignments. Use -T AUTO to determine best number of threads.
979  FLAVI+R8      34671.576    1075 71493.153    2384893.153  74901.423
WARNING: Number of threads seems too high for short alignments. Use -T AUTO to determine best number of threads.
987  FLAVI+I+R7    34690.883    1074 71529.766    2380629.766  74934.866
WARNING: Number of threads seems too high for short alignments. Use -T AUTO to determine best number of threads.
988  FLAVI+I+R8    34689.208    1076 71530.416    2389234.416  74941.856
WARNING: Number of threads seems too high for short alignments. Use -T AUTO to determine best number of threads.
1000  FLAVI+F+R7    34811.542    1092 71807.083    2458919.083  75269.252
WARNING: Number of threads seems too high for short alignments. Use -T AUTO to determine best number of threads.
1001  FLAVI+F+R8    34792.589    1094 71773.178    2467633.178  75241.687
WARNING: Number of threads seems too high for short alignments. Use -T AUTO to determine best number of threads.
1009  FLAVI+F+I+R7  34807.110    1093 71800.220    2463284.220  75265.559
WARNING: Number of threads seems too high for short alignments. Use -T AUTO to determine best number of threads.
1010  FLAVI+F+I+R8  34804.944    1095 71799.887    2472039.887  75271.567
WARNING: Number of threads seems too high for short alignments. Use -T AUTO to determine best number of threads.
1022  HIVB+R7       34038.172    1073 70222.343    2375026.343  73624.273
WARNING: Number of threads seems too high for short alignments. Use -T AUTO to determine best number of threads.
1023  HIVB+R8       34026.748    1075 70203.496    2383603.496  73611.766
WARNING: Number of threads seems too high for short alignments. Use -T AUTO to determine best number of threads.
1031  HIVB+I+R7     34032.902    1074 70213.805    2379313.805  73618.905
WARNING: Number of threads seems too high for short alignments. Use -T AUTO to determine best number of threads.
1032  HIVB+I+R8     34031.254    1076 70214.508    2387918.508  73625.949
WARNING: Number of threads seems too high for short alignments. Use -T AUTO to determine best number of threads.
1044  HIVB+F+R7     34164.165    1092 70512.329    2457624.329  73974.498
WARNING: Number of threads seems too high for short alignments. Use -T AUTO to determine best number of threads.
1045  HIVB+F+R8     34148.925    1094 70485.851    2466345.851  73954.360
WARNING: Number of threads seems too high for short alignments. Use -T AUTO to determine best number of threads.
1053  HIVB+F+I+R7   34172.566    1093 70531.132    2462015.132  73996.471
WARNING: Number of threads seems too high for short alignments. Use -T AUTO to determine best number of threads.
1054  HIVB+F+I+R8   34159.519    1095 70509.037    2470749.037  73980.717
WARNING: Number of threads seems too high for short alignments. Use -T AUTO to determine best number of threads.
1066  HIVW+R7       35876.804    1073 73899.608    2378703.608  77301.537
WARNING: Number of threads seems too high for short alignments. Use -T AUTO to determine best number of threads.
1067  HIVW+R8       35866.087    1075 73882.175    2387282.175  77290.445
WARNING: Number of threads seems too high for short alignments. Use -T AUTO to determine best number of threads.
1075  HIVW+I+R7     35873.961    1074 73895.923    2382995.923  77301.023
WARNING: Number of threads seems too high for short alignments. Use -T AUTO to determine best number of threads.
1076  HIVW+I+R8     35869.832    1076 73891.663    2391595.663  77303.104
WARNING: Number of threads seems too high for short alignments. Use -T AUTO to determine best number of threads.
1088  HIVW+F+R7     35532.877    1092 73249.754    2460361.754  76711.922
WARNING: Number of threads seems too high for short alignments. Use -T AUTO to determine best number of threads.
1089  HIVW+F+R8     35520.850    1094 73229.701    2469089.701  76698.210
WARNING: Number of threads seems too high for short alignments. Use -T AUTO to determine best number of threads.
1097  HIVW+F+I+R7   35534.764    1093 73255.529    2464739.529  76720.868
WARNING: Number of threads seems too high for short alignments. Use -T AUTO to determine best number of threads.
1098  HIVW+F+I+R8   35524.965    1095 73239.930    2473479.930  76711.610
WARNING: Number of threads seems too high for short alignments. Use -T AUTO to determine best number of threads.
1110  FLU+R7        33936.860    1073 70019.721    2374823.721  73421.650
WARNING: Number of threads seems too high for short alignments. Use -T AUTO to determine best number of threads.
1111  FLU+R8        33926.249    1075 70002.499    2383402.499  73410.769
WARNING: Number of threads seems too high for short alignments. Use -T AUTO to determine best number of threads.
1119  FLU+I+R7      33936.849    1074 70021.699    2379121.699  73426.799
WARNING: Number of threads seems too high for short alignments. Use -T AUTO to determine best number of threads.
1120  FLU+I+R8      33932.481    1076 70016.963    2387720.963  73428.404
WARNING: Number of threads seems too high for short alignments. Use -T AUTO to determine best number of threads.
1132  FLU+F+R7      34037.533    1092 70259.066    2457371.066  73721.234
WARNING: Number of threads seems too high for short alignments. Use -T AUTO to determine best number of threads.
1133  FLU+F+R8      34023.153    1094 70234.306    2466094.306  73702.815
WARNING: Number of threads seems too high for short alignments. Use -T AUTO to determine best number of threads.
1141  FLU+F+I+R7    34037.355    1093 70260.710    2461744.710  73726.049
WARNING: Number of threads seems too high for short alignments. Use -T AUTO to determine best number of threads.
1142  FLU+F+I+R8    34032.595    1095 70255.190    2470495.190  73726.870
WARNING: Number of threads seems too high for short alignments. Use -T AUTO to determine best number of threads.
1154  RTREV+R7      33405.295    1073 68956.590    2373760.590  72358.520
WARNING: Number of threads seems too high for short alignments. Use -T AUTO to determine best number of threads.
1155  RTREV+R8      33397.125    1075 68944.250    2382344.250  72352.520
WARNING: Number of threads seems too high for short alignments. Use -T AUTO to determine best number of threads.
1163  RTREV+I+R7    33402.200    1074 68952.400    2378052.400  72357.500
WARNING: Number of threads seems too high for short alignments. Use -T AUTO to determine best number of threads.
1164  RTREV+I+R8    33393.597    1076 68939.194    2386643.194  72350.635
WARNING: Number of threads seems too high for short alignments. Use -T AUTO to determine best number of threads.
1176  RTREV+F+R7    33330.384    1092 68844.768    2455956.768  72306.936
WARNING: Number of threads seems too high for short alignments. Use -T AUTO to determine best number of threads.
1177  RTREV+F+R8    33319.891    1094 68827.782    2464687.782  72296.291
WARNING: Number of threads seems too high for short alignments. Use -T AUTO to determine best number of threads.
1185  RTREV+F+I+R7  33326.848    1093 68839.696    2460323.696  72305.035
WARNING: Number of threads seems too high for short alignments. Use -T AUTO to determine best number of threads.
1186  RTREV+F+I+R8  33318.598    1095 68827.196    2469067.196  72298.876
WARNING: Number of threads seems too high for short alignments. Use -T AUTO to determine best number of threads.
1198  CPREV+R7      33559.397    1073 69264.794    2374068.794  72666.723
WARNING: Number of threads seems too high for short alignments. Use -T AUTO to determine best number of threads.
1199  CPREV+R8      33550.185    1075 69250.369    2382650.369  72658.640
WARNING: Number of threads seems too high for short alignments. Use -T AUTO to determine best number of threads.
1207  CPREV+I+R7    33554.702    1074 69257.403    2378357.403  72662.503
WARNING: Number of threads seems too high for short alignments. Use -T AUTO to determine best number of threads.
1208  CPREV+I+R8    33548.373    1076 69248.745    2386952.745  72660.186
WARNING: Number of threads seems too high for short alignments. Use -T AUTO to determine best number of threads.
1220  CPREV+F+R7    33795.495    1092 69774.991    2456886.991  73237.159
WARNING: Number of threads seems too high for short alignments. Use -T AUTO to determine best number of threads.
1221  CPREV+F+R8    33785.012    1094 69758.023    2465618.023  73226.533
WARNING: Number of threads seems too high for short alignments. Use -T AUTO to determine best number of threads.
1229  CPREV+F+I+R7  33791.206    1093 69768.412    2461252.412  73233.751
WARNING: Number of threads seems too high for short alignments. Use -T AUTO to determine best number of threads.
1230  CPREV+F+I+R8  33784.801    1095 69759.601    2469999.601  73231.281
Akaike Information Criterion:           Q.INSECT+I+R8
Corrected Akaike Information Criterion: LG+G4
Bayesian Information Criterion:         Q.INSECT+R8
Best-fit model: Q.INSECT+R8 chosen according to BIC

All model information printed to /lisc/data/scratch/molevo/peyroche/forkhead/results//all_fox_domains_mafft_global.model.gz
CPU time for ModelFinder: 64734.904 seconds (17h:58m:54s)
Wall-clock time for ModelFinder: 4104.683 seconds (1h:8m:24s)
Generating 10000 samples for ultrafast bootstrap (seed: 532937)...

NOTE: 133 MB RAM (0 GB) is required!
WARNING: Number of threads seems too high for short alignments. Use -T AUTO to determine best number of threads.
Estimate model parameters (epsilon = 0.100)
1. Initial log-likelihood: -32881.210
2. Current log-likelihood: -32831.958
3. Current log-likelihood: -32830.484
Optimal log-likelihood: -32830.403
Site proportion and rates:  (0.037,0.025) (0.084,0.096) (0.111,0.229) (0.103,0.456) (0.189,0.769) (0.231,1.083) (0.093,1.532) (0.152,2.513)
Parameters optimization took 3 rounds (9.201 sec)
Wrote distance file to... 
Computing ML distances based on estimated model parameters...
Calculating distance matrix: done in 13.0748 secs using 1592% CPU
Computing ML distances took 13.075506 sec (of wall-clock time) 208.152372 sec (of CPU time)
Setting up auxiliary I and S matrices: done in 0.00974347 secs using 165% CPU
Constructing RapidNJ tree: done in 0.0233523 secs using 197.6% CPU
Computing RapidNJ tree took 0.033283 sec (of wall-clock time) 0.062407 sec (of CPU time)
Log-likelihood of RapidNJ tree: -33023.231
--------------------------------------------------------------------
|             INITIALIZING CANDIDATE TREE SET                      |
--------------------------------------------------------------------
Generating 98 parsimony trees... 21.922 second
Computing log-likelihood of 98 initial trees ... 32.665 seconds
Current best score: -32830.403

Do NNI search on 20 best initial trees
Optimizing NNI: done in 6.62658 secs using 1587% CPU
Estimate model parameters (epsilon = 0.100)
BETTER TREE FOUND at iteration 1: -32808.153
Optimizing NNI: done in 13.4764 secs using 1588% CPU
Estimate model parameters (epsilon = 0.100)
BETTER TREE FOUND at iteration 2: -32680.369
Optimizing NNI: done in 21.391 secs using 1588% CPU
Optimizing NNI: done in 19.9065 secs using 1588% CPU
Optimizing NNI: done in 25.8827 secs using 1588% CPU
Optimizing NNI: done in 19.7097 secs using 1588% CPU
Optimizing NNI: done in 23.6792 secs using 1588% CPU
Optimizing NNI: done in 20.1278 secs using 1588% CPU
Optimizing NNI: done in 19.3824 secs using 1588% CPU
Optimizing NNI: done in 21.1832 secs using 1588% CPU
Iteration 10 / LogL: -32857.580 / Time: 1h:13m:28s
Optimizing NNI: done in 22.796 secs using 1588% CPU
Optimizing NNI: done in 22.3747 secs using 1588% CPU
Optimizing NNI: done in 22.263 secs using 1588% CPU
Optimizing NNI: done in 22.4031 secs using 1588% CPU
Optimizing NNI: done in 21.6349 secs using 1588% CPU
Optimizing NNI: done in 21.5719 secs using 1588% CPU
Optimizing NNI: done in 20.1181 secs using 1588% CPU
Optimizing NNI: done in 20.9904 secs using 1588% CPU
Optimizing NNI: done in 20.8122 secs using 1588% CPU
Optimizing NNI: done in 18.0505 secs using 1588% CPU
Iteration 20 / LogL: -32818.852 / Time: 1h:17m:1s
Finish initializing candidate tree set (20)
Current best tree score: -32680.369 / CPU time: 489.074
Number of iterations: 20
--------------------------------------------------------------------
|               OPTIMIZING CANDIDATE TREE SET                      |
--------------------------------------------------------------------
Optimizing NNI: done in 12.4626 secs using 1588% CPU
Optimizing NNI: done in 13.0503 secs using 1587% CPU
Optimizing NNI: done in 11.4825 secs using 1588% CPU
Optimizing NNI: done in 12.6038 secs using 1588% CPU
Optimizing NNI: done in 12.4413 secs using 1588% CPU
Optimizing NNI: done in 10.6421 secs using 1588% CPU
Estimate model parameters (epsilon = 0.100)
BETTER TREE FOUND at iteration 26: -32677.650
Optimizing NNI: done in 11.3386 secs using 1588% CPU
Estimate model parameters (epsilon = 0.100)
BETTER TREE FOUND at iteration 27: -32667.126
Optimizing NNI: done in 12.6342 secs using 1588% CPU
Estimate model parameters (epsilon = 0.100)
BETTER TREE FOUND at iteration 28: -32645.951
Optimizing NNI: done in 10.3961 secs using 1588% CPU
Optimizing NNI: done in 11.5751 secs using 1588% CPU
Iteration 30 / LogL: -32728.807 / Time: 1h:19m:13s (0h:36m:32s left)
Optimizing NNI: done in 10.7753 secs using 1588% CPU
Optimizing NNI: done in 14.1016 secs using 1588% CPU
Estimate model parameters (epsilon = 0.100)
BETTER TREE FOUND at iteration 32: -32641.541
Optimizing NNI: done in 11.847 secs using 1588% CPU
Optimizing NNI: done in 13.7039 secs using 1588% CPU
Estimate model parameters (epsilon = 0.100)
BETTER TREE FOUND at iteration 34: -32640.841
Optimizing NNI: done in 10.8091 secs using 1588% CPU
Estimate model parameters (epsilon = 0.100)
BETTER TREE FOUND at iteration 35: -32635.222
Optimizing NNI: done in 11.151 secs using 1588% CPU
Estimate model parameters (epsilon = 0.100)
BETTER TREE FOUND at iteration 36: -32631.742
Optimizing NNI: done in 10.5783 secs using 1588% CPU
Optimizing NNI: done in 11.5475 secs using 1588% CPU
Optimizing NNI: done in 11.6731 secs using 1588% CPU
Estimate model parameters (epsilon = 0.100)
BETTER TREE FOUND at iteration 39: -32621.264
Optimizing NNI: done in 13.1808 secs using 1588% CPU
Iteration 40 / LogL: -32646.091 / Time: 1h:21m:30s (0h:33m:13s left)
Optimizing NNI: done in 13.4892 secs using 1588% CPU
Optimizing NNI: done in 13.1115 secs using 1588% CPU
Optimizing NNI: done in 13.1529 secs using 1588% CPU
Optimizing NNI: done in 12.523 secs using 1588% CPU
Estimate model parameters (epsilon = 0.100)
BETTER TREE FOUND at iteration 44: -32617.150
Optimizing NNI: done in 10.9926 secs using 1588% CPU
Optimizing NNI: done in 14.0038 secs using 1588% CPU
Optimizing NNI: done in 12.0784 secs using 1588% CPU
Optimizing NNI: done in 11.9586 secs using 1587% CPU
Optimizing NNI: done in 14.0412 secs using 1588% CPU
Estimate model parameters (epsilon = 0.100)
BETTER TREE FOUND at iteration 49: -32602.715
Optimizing NNI: done in 10.5058 secs using 1588% CPU
Iteration 50 / LogL: -32612.857 / Time: 1h:23m:44s (0h:30m:57s left)
Log-likelihood cutoff on original alignment: -32829.524
Optimizing NNI: done in 10.7156 secs using 1588% CPU
Optimizing NNI: done in 12.2915 secs using 1587% CPU
Optimizing NNI: done in 15.0411 secs using 1588% CPU
Optimizing NNI: done in 14.5751 secs using 1588% CPU
Optimizing NNI: done in 10.851 secs using 1588% CPU
Optimizing NNI: done in 10.2825 secs using 1588% CPU
Optimizing NNI: done in 11.3035 secs using 1588% CPU
Optimizing NNI: done in 11.3452 secs using 1588% CPU
Estimate model parameters (epsilon = 0.100)
BETTER TREE FOUND at iteration 58: -32588.990
Optimizing NNI: done in 12.64 secs using 1588% CPU
Optimizing NNI: done in 15.0735 secs using 1589% CPU
Iteration 60 / LogL: -32622.138 / Time: 1h:26m:20s (0h:29m:46s left)
Optimizing NNI: done in 13.4084 secs using 1589% CPU
Optimizing NNI: done in 13.1765 secs using 1588% CPU
Optimizing NNI: done in 13.4914 secs using 1588% CPU
Optimizing NNI: done in 12.137 secs using 1588% CPU
Optimizing NNI: done in 12.4301 secs using 1588% CPU
Optimizing NNI: done in 10.4029 secs using 1588% CPU
Optimizing NNI: done in 12.9246 secs using 1588% CPU
Optimizing NNI: done in 12.388 secs using 1588% CPU
Optimizing NNI: done in 11.1622 secs using 1589% CPU
Optimizing NNI: done in 11.3346 secs using 1589% CPU
Iteration 70 / LogL: -32602.775 / Time: 1h:28m:25s (0h:25m:31s left)
Optimizing NNI: done in 12.5856 secs using 1588% CPU
Optimizing NNI: done in 12.0825 secs using 1589% CPU
Optimizing NNI: done in 10.1009 secs using 1588% CPU
Optimizing NNI: done in 11.9188 secs using 1588% CPU
Optimizing NNI: done in 11.9578 secs using 1588% CPU
Optimizing NNI: done in 13.8894 secs using 1588% CPU
Estimate model parameters (epsilon = 0.100)
BETTER TREE FOUND at iteration 76: -32586.991
Optimizing NNI: done in 13.5765 secs using 1589% CPU
Estimate model parameters (epsilon = 0.100)
BETTER TREE FOUND at iteration 77: -32585.514
Optimizing NNI: done in 13.2092 secs using 1589% CPU
Optimizing NNI: done in 12.6092 secs using 1588% CPU
Optimizing NNI: done in 16.4603 secs using 1589% CPU
Estimate model parameters (epsilon = 0.100)
BETTER TREE FOUND at iteration 80: -32583.302
Iteration 80 / LogL: -32583.302 / Time: 1h:30m:49s (0h:28m:21s left)
Optimizing NNI: done in 11.791 secs using 1588% CPU
Optimizing NNI: done in 10.8818 secs using 1588% CPU
Optimizing NNI: done in 12.1475 secs using 1588% CPU
Optimizing NNI: done in 14.9386 secs using 1588% CPU
Optimizing NNI: done in 11.1105 secs using 1589% CPU
Optimizing NNI: done in 11.6265 secs using 1588% CPU
Optimizing NNI: done in 12.1311 secs using 1589% CPU
Optimizing NNI: done in 11.966 secs using 1588% CPU
Optimizing NNI: done in 13.8419 secs using 1588% CPU
Estimate model parameters (epsilon = 0.100)
BETTER TREE FOUND at iteration 89: -32580.812
Optimizing NNI: done in 12.2484 secs using 1589% CPU
Iteration 90 / LogL: -32582.570 / Time: 1h:32m:57s (0h:27m:18s left)
Optimizing NNI: done in 10.9067 secs using 1588% CPU
Optimizing NNI: done in 11.5164 secs using 1588% CPU
Optimizing NNI: done in 11.8872 secs using 1589% CPU
Optimizing NNI: done in 11.3255 secs using 1588% CPU
Optimizing NNI: done in 11.5585 secs using 1589% CPU
Optimizing NNI: done in 13.4421 secs using 1589% CPU
Optimizing NNI: done in 11.396 secs using 1588% CPU
Optimizing NNI: done in 11.2683 secs using 1588% CPU
Optimizing NNI: done in 12.0825 secs using 1589% CPU
Optimizing NNI: done in 12.2411 secs using 1589% CPU
Iteration 100 / LogL: -32583.594 / Time: 1h:34m:57s (0h:23m:51s left)
Log-likelihood cutoff on original alignment: -32760.017
NOTE: Bootstrap correlation coefficient of split occurrence frequencies: 0.960
NOTE: UFBoot does not converge, continue at least 100 more iterations
Optimizing NNI: done in 12.2025 secs using 1588% CPU
Optimizing NNI: done in 11.0347 secs using 1588% CPU
Optimizing NNI: done in 11.642 secs using 1588% CPU
Optimizing NNI: done in 12.6633 secs using 1589% CPU
Optimizing NNI: done in 11.8397 secs using 1588% CPU
Optimizing NNI: done in 13.7051 secs using 1589% CPU
Optimizing NNI: done in 11.8109 secs using 1589% CPU
Optimizing NNI: done in 11.0349 secs using 1588% CPU
Optimizing NNI: done in 12.0067 secs using 1589% CPU
Optimizing NNI: done in 13.497 secs using 1588% CPU
Iteration 110 / LogL: -32603.956 / Time: 1h:37m:25s (0h:23m:57s left)
Optimizing NNI: done in 14.1202 secs using 1588% CPU
Optimizing NNI: done in 11.8554 secs using 1588% CPU
Optimizing NNI: done in 13.9683 secs using 1589% CPU
Optimizing NNI: done in 13.1477 secs using 1588% CPU
Optimizing NNI: done in 10.5274 secs using 1588% CPU
Optimizing NNI: done in 12.1636 secs using 1589% CPU
Optimizing NNI: done in 12.4197 secs using 1588% CPU
Optimizing NNI: done in 9.36055 secs using 1588% CPU
Optimizing NNI: done in 10.8136 secs using 1588% CPU
Optimizing NNI: done in 10.748 secs using 1588% CPU
Iteration 120 / LogL: -32587.240 / Time: 1h:39m:26s (0h:20m:51s left)
Optimizing NNI: done in 11.4829 secs using 1588% CPU
Optimizing NNI: done in 12.9186 secs using 1588% CPU
Optimizing NNI: done in 14.0414 secs using 1588% CPU
Optimizing NNI: done in 12.5967 secs using 1588% CPU
Optimizing NNI: done in 11.7977 secs using 1588% CPU
Optimizing NNI: done in 10.9482 secs using 1588% CPU
Optimizing NNI: done in 11.8708 secs using 1589% CPU
Optimizing NNI: done in 12.3673 secs using 1589% CPU
Optimizing NNI: done in 10.3799 secs using 1588% CPU
Optimizing NNI: done in 10.3685 secs using 1588% CPU
Iteration 130 / LogL: -32609.247 / Time: 1h:41m:27s (0h:17m:56s left)
Optimizing NNI: done in 11.8483 secs using 1588% CPU
Optimizing NNI: done in 8.60143 secs using 1589% CPU
Optimizing NNI: done in 10.6145 secs using 1588% CPU
Optimizing NNI: done in 11.5733 secs using 1589% CPU
Optimizing NNI: done in 14.9794 secs using 1588% CPU
Optimizing NNI: done in 10.216 secs using 1589% CPU
Optimizing NNI: done in 11.1957 secs using 1588% CPU
Optimizing NNI: done in 9.77956 secs using 1588% CPU
Optimizing NNI: done in 10.4348 secs using 1588% CPU
Optimizing NNI: done in 11.6317 secs using 1588% CPU
Iteration 140 / LogL: -32589.283 / Time: 1h:43m:20s (0h:15m:4s left)
Optimizing NNI: done in 11.0341 secs using 1588% CPU
Optimizing NNI: done in 11.9515 secs using 1588% CPU
Optimizing NNI: done in 11.5291 secs using 1588% CPU
Optimizing NNI: done in 11.5142 secs using 1588% CPU
Optimizing NNI: done in 10.62 secs using 1588% CPU
Optimizing NNI: done in 11.5436 secs using 1588% CPU
Optimizing NNI: done in 10.2649 secs using 1589% CPU
Optimizing NNI: done in 11.5806 secs using 1589% CPU
Optimizing NNI: done in 14.4282 secs using 1589% CPU
Optimizing NNI: done in 9.91844 secs using 1589% CPU
Iteration 150 / LogL: -32593.260 / Time: 1h:45m:17s (0h:12m:22s left)
Log-likelihood cutoff on original alignment: -32760.017
Optimizing NNI: done in 9.71884 secs using 1588% CPU
Optimizing NNI: done in 11.8955 secs using 1589% CPU
Optimizing NNI: done in 10.5962 secs using 1588% CPU
Optimizing NNI: done in 12.3084 secs using 1589% CPU
Optimizing NNI: done in 12.0108 secs using 1589% CPU
Optimizing NNI: done in 11.1586 secs using 1589% CPU
Optimizing NNI: done in 10.0444 secs using 1588% CPU
Optimizing NNI: done in 11.6814 secs using 1588% CPU
Optimizing NNI: done in 11.9957 secs using 1588% CPU
Optimizing NNI: done in 11.943 secs using 1589% CPU
Iteration 160 / LogL: -32618.074 / Time: 1h:47m:39s (0h:9m:52s left)
Optimizing NNI: done in 13.1579 secs using 1589% CPU
Optimizing NNI: done in 12.1375 secs using 1588% CPU
Optimizing NNI: done in 11.488 secs using 1588% CPU
Optimizing NNI: done in 13.0126 secs using 1588% CPU
Optimizing NNI: done in 12.7276 secs using 1586% CPU
Optimizing NNI: done in 11.9554 secs using 1589% CPU
Optimizing NNI: done in 13.0938 secs using 1589% CPU
Optimizing NNI: done in 14.2871 secs using 1588% CPU
Optimizing NNI: done in 13.4876 secs using 1589% CPU
Optimizing NNI: done in 13.68 secs using 1589% CPU
Iteration 170 / LogL: -32635.131 / Time: 1h:49m:50s (0h:7m:21s left)
Optimizing NNI: done in 12.3506 secs using 1589% CPU
Optimizing NNI: done in 10.5332 secs using 1589% CPU
Optimizing NNI: done in 12.8668 secs using 1588% CPU
Optimizing NNI: done in 11.1182 secs using 1589% CPU
Optimizing NNI: done in 12.9489 secs using 1589% CPU
Estimate model parameters (epsilon = 0.100)
BETTER TREE FOUND at iteration 175: -32573.126
Optimizing NNI: done in 12.5978 secs using 1588% CPU
Optimizing NNI: done in 10.5961 secs using 1589% CPU
Optimizing NNI: done in 11.0043 secs using 1587% CPU
Optimizing NNI: done in 12.7908 secs using 1589% CPU
Optimizing NNI: done in 15.5235 secs using 1589% CPU
Iteration 180 / LogL: -32599.868 / Time: 1h:52m:7s (0h:23m:11s left)
Optimizing NNI: done in 11.2454 secs using 1588% CPU
Optimizing NNI: done in 11.2174 secs using 1587% CPU
Optimizing NNI: done in 11.0803 secs using 1587% CPU
Optimizing NNI: done in 13.5724 secs using 1588% CPU
Optimizing NNI: done in 12.3525 secs using 1589% CPU
Optimizing NNI: done in 13.9963 secs using 1589% CPU
Optimizing NNI: done in 10.2504 secs using 1589% CPU
Optimizing NNI: done in 10.8385 secs using 1589% CPU
Optimizing NNI: done in 12.0224 secs using 1589% CPU
Optimizing NNI: done in 11.5497 secs using 1587% CPU
Iteration 190 / LogL: -32581.117 / Time: 1h:54m:22s (0h:20m:40s left)
Optimizing NNI: done in 10.4119 secs using 1589% CPU
Optimizing NNI: done in 13.8476 secs using 1589% CPU
Optimizing NNI: done in 10.7592 secs using 1589% CPU
Optimizing NNI: done in 11.5434 secs using 1588% CPU
Estimate model parameters (epsilon = 0.100)
BETTER TREE FOUND at iteration 194: -32571.881
Optimizing NNI: done in 12.7372 secs using 1589% CPU
Optimizing NNI: done in 12.0166 secs using 1588% CPU
Optimizing NNI: done in 10.5404 secs using 1589% CPU
Optimizing NNI: done in 13.2521 secs using 1588% CPU
Optimizing NNI: done in 11.0995 secs using 1589% CPU
Optimizing NNI: done in 11.452 secs using 1589% CPU
Iteration 200 / LogL: -32590.457 / Time: 1h:56m:30s (0h:22m:43s left)
Log-likelihood cutoff on original alignment: -32760.017
NOTE: Bootstrap correlation coefficient of split occurrence frequencies: 0.990
NOTE: UFBoot does not converge, continue at least 100 more iterations
Optimizing NNI: done in 10.9647 secs using 1589% CPU
Optimizing NNI: done in 12.6283 secs using 1589% CPU
Optimizing NNI: done in 12.9214 secs using 1589% CPU
Optimizing NNI: done in 12.7552 secs using 1587% CPU
Optimizing NNI: done in 12.3218 secs using 1589% CPU
Optimizing NNI: done in 13.3274 secs using 1589% CPU
Optimizing NNI: done in 12.3297 secs using 1588% CPU
Optimizing NNI: done in 12.4716 secs using 1589% CPU
Optimizing NNI: done in 11.7756 secs using 1589% CPU
Optimizing NNI: done in 11.2256 secs using 1589% CPU
Iteration 210 / LogL: -32581.948 / Time: 1h:59m:11s (0h:21m:52s left)
Optimizing NNI: done in 14.5011 secs using 1589% CPU
Optimizing NNI: done in 11.9506 secs using 1588% CPU
Optimizing NNI: done in 12.1568 secs using 1589% CPU
Optimizing NNI: done in 11.5863 secs using 1589% CPU
Optimizing NNI: done in 11.3675 secs using 1589% CPU
Optimizing NNI: done in 13.5121 secs using 1588% CPU
Optimizing NNI: done in 14.4566 secs using 1589% CPU
Optimizing NNI: done in 12.1283 secs using 1589% CPU
Optimizing NNI: done in 13.2539 secs using 1589% CPU
Optimizing NNI: done in 11.0974 secs using 1589% CPU
Iteration 220 / LogL: -32601.995 / Time: 2h:1m:20s (0h:19m:19s left)
Optimizing NNI: done in 11.7398 secs using 1589% CPU
Optimizing NNI: done in 11.3411 secs using 1589% CPU
Optimizing NNI: done in 10.9697 secs using 1589% CPU
Optimizing NNI: done in 14.1943 secs using 1589% CPU
Optimizing NNI: done in 15.4324 secs using 1589% CPU
Optimizing NNI: done in 11.34 secs using 1589% CPU
Optimizing NNI: done in 12.9002 secs using 1589% CPU
Optimizing NNI: done in 11.8694 secs using 1589% CPU
Optimizing NNI: done in 11.1365 secs using 1588% CPU
Optimizing NNI: done in 12.2524 secs using 1589% CPU
Iteration 230 / LogL: -32607.036 / Time: 2h:3m:25s (0h:16m:49s left)
Optimizing NNI: done in 11.7651 secs using 1589% CPU
Optimizing NNI: done in 13.7035 secs using 1589% CPU
Optimizing NNI: done in 11.6102 secs using 1589% CPU
Optimizing NNI: done in 11.0666 secs using 1588% CPU
Optimizing NNI: done in 13.9589 secs using 1589% CPU
Optimizing NNI: done in 11.1511 secs using 1589% CPU
Optimizing NNI: done in 14.3474 secs using 1589% CPU
Optimizing NNI: done in 11.5831 secs using 1589% CPU
Optimizing NNI: done in 12.6934 secs using 1588% CPU
Optimizing NNI: done in 10.7967 secs using 1589% CPU
Iteration 240 / LogL: -32574.026 / Time: 2h:5m:31s (0h:14m:20s left)
Optimizing NNI: done in 14.1334 secs using 1589% CPU
Optimizing NNI: done in 12.2424 secs using 1589% CPU
Optimizing NNI: done in 10.7176 secs using 1589% CPU
Optimizing NNI: done in 10.7021 secs using 1586% CPU
Optimizing NNI: done in 12.1935 secs using 1589% CPU
Optimizing NNI: done in 11.4479 secs using 1588% CPU
Optimizing NNI: done in 13.2573 secs using 1589% CPU
Optimizing NNI: done in 9.84385 secs using 1589% CPU
Estimate model parameters (epsilon = 0.100)
BETTER TREE FOUND at iteration 248: -32570.755
Optimizing NNI: done in 14.1469 secs using 1588% CPU
Optimizing NNI: done in 12.0966 secs using 1588% CPU
Iteration 250 / LogL: -32604.982 / Time: 2h:7m:38s (0h:23m:18s left)
Log-likelihood cutoff on original alignment: -32760.017
Optimizing NNI: done in 11.2733 secs using 1587% CPU
Optimizing NNI: done in 11.1788 secs using 1588% CPU
Optimizing NNI: done in 13.7983 secs using 1587% CPU
Optimizing NNI: done in 12.1935 secs using 1588% CPU
Optimizing NNI: done in 11.4552 secs using 1588% CPU
Optimizing NNI: done in 13.9228 secs using 1588% CPU
Optimizing NNI: done in 8.80892 secs using 1587% CPU
Optimizing NNI: done in 12.3974 secs using 1586% CPU
Optimizing NNI: done in 12.6899 secs using 1588% CPU
Optimizing NNI: done in 10.2212 secs using 1588% CPU
Iteration 260 / LogL: -32639.101 / Time: 2h:10m:6s (0h:20m:57s left)
Optimizing NNI: done in 12.621 secs using 1588% CPU
Optimizing NNI: done in 12.0583 secs using 1587% CPU
Optimizing NNI: done in 13.1196 secs using 1587% CPU
Optimizing NNI: done in 14.8156 secs using 1587% CPU
Optimizing NNI: done in 12.7376 secs using 1585% CPU
Optimizing NNI: done in 9.09057 secs using 1588% CPU
Optimizing NNI: done in 14.6549 secs using 1589% CPU
Optimizing NNI: done in 12.3282 secs using 1589% CPU
Optimizing NNI: done in 14.3531 secs using 1588% CPU
Optimizing NNI: done in 11.3321 secs using 1589% CPU
Iteration 270 / LogL: -32578.016 / Time: 2h:12m:16s (0h:18m:30s left)
Optimizing NNI: done in 9.84961 secs using 1589% CPU
Optimizing NNI: done in 13.977 secs using 1589% CPU
Optimizing NNI: done in 12.7863 secs using 1589% CPU
Optimizing NNI: done in 12.7031 secs using 1589% CPU
Optimizing NNI: done in 10.7499 secs using 1589% CPU
Optimizing NNI: done in 12.3161 secs using 1589% CPU
Optimizing NNI: done in 13.4816 secs using 1589% CPU
Optimizing NNI: done in 10.7483 secs using 1588% CPU
Optimizing NNI: done in 11.8742 secs using 1589% CPU
Optimizing NNI: done in 11.4475 secs using 1589% CPU
Iteration 280 / LogL: -32579.572 / Time: 2h:14m:18s (0h:16m:3s left)
Optimizing NNI: done in 12.0019 secs using 1589% CPU
Optimizing NNI: done in 10.816 secs using 1589% CPU
Optimizing NNI: done in 12.8282 secs using 1589% CPU
Optimizing NNI: done in 12.7012 secs using 1589% CPU
Optimizing NNI: done in 11.2022 secs using 1588% CPU
Optimizing NNI: done in 11.5226 secs using 1589% CPU
Optimizing NNI: done in 11.7719 secs using 1588% CPU
Estimate model parameters (epsilon = 0.100)
BETTER TREE FOUND at iteration 287: -32562.832
Optimizing NNI: done in 14.4006 secs using 1589% CPU
Optimizing NNI: done in 12.4642 secs using 1589% CPU
Optimizing NNI: done in 10.8778 secs using 1589% CPU
Iteration 290 / LogL: -32578.932 / Time: 2h:16m:25s (0h:22m:49s left)
Optimizing NNI: done in 14.0482 secs using 1588% CPU
Optimizing NNI: done in 11.714 secs using 1589% CPU
Optimizing NNI: done in 11.1313 secs using 1589% CPU
Optimizing NNI: done in 11.2842 secs using 1589% CPU
Optimizing NNI: done in 13.3935 secs using 1589% CPU
Optimizing NNI: done in 13.1749 secs using 1589% CPU
Optimizing NNI: done in 10.6111 secs using 1589% CPU
Optimizing NNI: done in 16.0386 secs using 1589% CPU
Optimizing NNI: done in 10.6831 secs using 1589% CPU
Optimizing NNI: done in 10.9629 secs using 1589% CPU
Iteration 300 / LogL: -32640.140 / Time: 2h:18m:31s (0h:20m:23s left)
Log-likelihood cutoff on original alignment: -32760.017
NOTE: Bootstrap correlation coefficient of split occurrence frequencies: 0.980
NOTE: UFBoot does not converge, continue at least 100 more iterations
Optimizing NNI: done in 13.5325 secs using 1589% CPU
Optimizing NNI: done in 13.4024 secs using 1589% CPU
Optimizing NNI: done in 10.3389 secs using 1588% CPU
Optimizing NNI: done in 13.4134 secs using 1589% CPU
Optimizing NNI: done in 11.2576 secs using 1589% CPU
Optimizing NNI: done in 12.5948 secs using 1589% CPU
Optimizing NNI: done in 10.1715 secs using 1588% CPU
Optimizing NNI: done in 10.895 secs using 1589% CPU
Optimizing NNI: done in 15.1153 secs using 1589% CPU
Optimizing NNI: done in 14.5393 secs using 1589% CPU
Iteration 310 / LogL: -32575.191 / Time: 2h:21m:5s (0h:21m:10s left)
Optimizing NNI: done in 11.4254 secs using 1589% CPU
Optimizing NNI: done in 11.2561 secs using 1589% CPU
Optimizing NNI: done in 11.2306 secs using 1588% CPU
Optimizing NNI: done in 12.8513 secs using 1588% CPU
Optimizing NNI: done in 13.2143 secs using 1588% CPU
Optimizing NNI: done in 15.1302 secs using 1588% CPU
Optimizing NNI: done in 12.8758 secs using 1588% CPU
Optimizing NNI: done in 12.7228 secs using 1588% CPU
Optimizing NNI: done in 9.34325 secs using 1588% CPU
Optimizing NNI: done in 12.9159 secs using 1588% CPU
Iteration 320 / LogL: -32570.670 / Time: 2h:23m:11s (0h:18m:45s left)
Optimizing NNI: done in 13.4601 secs using 1588% CPU
Optimizing NNI: done in 13.9589 secs using 1588% CPU
Optimizing NNI: done in 12.7136 secs using 1588% CPU
Optimizing NNI: done in 10.5504 secs using 1588% CPU
Optimizing NNI: done in 13.3778 secs using 1587% CPU
Optimizing NNI: done in 11.1953 secs using 1588% CPU
Optimizing NNI: done in 11.924 secs using 1588% CPU
Optimizing NNI: done in 10.6141 secs using 1588% CPU
Optimizing NNI: done in 12.912 secs using 1588% CPU
Optimizing NNI: done in 13.2672 secs using 1588% CPU
Iteration 330 / LogL: -32588.231 / Time: 2h:25m:19s (0h:16m:21s left)
Optimizing NNI: done in 12.4338 secs using 1588% CPU
Optimizing NNI: done in 12.0022 secs using 1587% CPU
Optimizing NNI: done in 14.7515 secs using 1588% CPU
Optimizing NNI: done in 10.6675 secs using 1588% CPU
Optimizing NNI: done in 11.4631 secs using 1587% CPU
Optimizing NNI: done in 12.8498 secs using 1588% CPU
Optimizing NNI: done in 10.3185 secs using 1587% CPU
Optimizing NNI: done in 11.8417 secs using 1586% CPU
Optimizing NNI: done in 9.60261 secs using 1588% CPU
Optimizing NNI: done in 9.79134 secs using 1587% CPU
Iteration 340 / LogL: -32618.956 / Time: 2h:27m:17s (0h:13m:57s left)
Optimizing NNI: done in 11.9109 secs using 1588% CPU
Optimizing NNI: done in 12.2599 secs using 1588% CPU
Optimizing NNI: done in 11.5725 secs using 1588% CPU
Optimizing NNI: done in 12.0039 secs using 1588% CPU
Optimizing NNI: done in 15.0343 secs using 1588% CPU
Optimizing NNI: done in 12.9081 secs using 1588% CPU
Optimizing NNI: done in 10.7466 secs using 1588% CPU
Optimizing NNI: done in 12.046 secs using 1588% CPU
Optimizing NNI: done in 12.3508 secs using 1588% CPU
Optimizing NNI: done in 12.5273 secs using 1587% CPU
Iteration 350 / LogL: -32599.861 / Time: 2h:29m:24s (0h:11m:36s left)
Log-likelihood cutoff on original alignment: -32760.017
Optimizing NNI: done in 10.8129 secs using 1587% CPU
Optimizing NNI: done in 12.421 secs using 1587% CPU
Optimizing NNI: done in 12.0487 secs using 1588% CPU
Optimizing NNI: done in 12.672 secs using 1587% CPU
Optimizing NNI: done in 11.625 secs using 1588% CPU
Optimizing NNI: done in 13.3114 secs using 1587% CPU
Optimizing NNI: done in 14.2086 secs using 1587% CPU
Optimizing NNI: done in 12.6098 secs using 1588% CPU
Estimate model parameters (epsilon = 0.100)
BETTER TREE FOUND at iteration 358: -32562.550
Optimizing NNI: done in 11.7358 secs using 1587% CPU
Optimizing NNI: done in 11.9372 secs using 1588% CPU
Iteration 360 / LogL: -32584.071 / Time: 2h:32m:0s (0h:22m:49s left)
Optimizing NNI: done in 8.8858 secs using 1588% CPU
Optimizing NNI: done in 12.2237 secs using 1587% CPU
Optimizing NNI: done in 12.7545 secs using 1588% CPU
Optimizing NNI: done in 10.1699 secs using 1588% CPU
Optimizing NNI: done in 12.1569 secs using 1587% CPU
Optimizing NNI: done in 12.4046 secs using 1585% CPU
Optimizing NNI: done in 12.4323 secs using 1587% CPU
Optimizing NNI: done in 15.9125 secs using 1587% CPU
Optimizing NNI: done in 10.3888 secs using 1588% CPU
Optimizing NNI: done in 9.91206 secs using 1588% CPU
Iteration 370 / LogL: -32596.706 / Time: 2h:34m:1s (0h:20m:24s left)
Optimizing NNI: done in 11.0864 secs using 1588% CPU
Optimizing NNI: done in 13.562 secs using 1588% CPU
Optimizing NNI: done in 11.7271 secs using 1588% CPU
Optimizing NNI: done in 9.94013 secs using 1586% CPU
Optimizing NNI: done in 11.7933 secs using 1588% CPU
Optimizing NNI: done in 12.3236 secs using 1588% CPU
Optimizing NNI: done in 12.7482 secs using 1588% CPU
Optimizing NNI: done in 12.2855 secs using 1588% CPU
Optimizing NNI: done in 10.7498 secs using 1588% CPU
Optimizing NNI: done in 11.8933 secs using 1588% CPU
Iteration 380 / LogL: -32598.249 / Time: 2h:36m:2s (0h:18m:2s left)
Optimizing NNI: done in 14.0605 secs using 1588% CPU
Estimate model parameters (epsilon = 0.100)
BETTER TREE FOUND at iteration 381: -32558.285
Optimizing NNI: done in 13.5305 secs using 1589% CPU
Optimizing NNI: done in 12.6776 secs using 1589% CPU
Optimizing NNI: done in 11.3692 secs using 1588% CPU
Optimizing NNI: done in 11.6172 secs using 1588% CPU
Optimizing NNI: done in 11.2857 secs using 1589% CPU
Optimizing NNI: done in 12.3571 secs using 1589% CPU
Optimizing NNI: done in 11.5131 secs using 1588% CPU
Optimizing NNI: done in 13.414 secs using 1588% CPU
Optimizing NNI: done in 12.553 secs using 1589% CPU
Iteration 390 / LogL: -32585.568 / Time: 2h:38m:13s (0h:21m:0s left)
Optimizing NNI: done in 14.3877 secs using 1588% CPU
Optimizing NNI: done in 9.43262 secs using 1588% CPU
Optimizing NNI: done in 12.7217 secs using 1589% CPU
Optimizing NNI: done in 15.3318 secs using 1589% CPU
Optimizing NNI: done in 10.6507 secs using 1588% CPU
Optimizing NNI: done in 12.0635 secs using 1588% CPU
Optimizing NNI: done in 13.0539 secs using 1589% CPU
Optimizing NNI: done in 12.0216 secs using 1588% CPU
Optimizing NNI: done in 14.6387 secs using 1588% CPU
Optimizing NNI: done in 10.6631 secs using 1588% CPU
Iteration 400 / LogL: -32611.886 / Time: 2h:40m:21s (0h:18m:39s left)
Log-likelihood cutoff on original alignment: -32760.017
NOTE: Bootstrap correlation coefficient of split occurrence frequencies: 0.982
NOTE: UFBoot does not converge, continue at least 100 more iterations
Optimizing NNI: done in 13.2427 secs using 1588% CPU
Optimizing NNI: done in 11.7345 secs using 1588% CPU
Optimizing NNI: done in 13.0287 secs using 1588% CPU
Optimizing NNI: done in 14.1229 secs using 1588% CPU
Optimizing NNI: done in 13.0765 secs using 1588% CPU
Optimizing NNI: done in 11.3889 secs using 1588% CPU
Optimizing NNI: done in 12.9191 secs using 1588% CPU
Optimizing NNI: done in 11.7966 secs using 1588% CPU
Optimizing NNI: done in 16.2549 secs using 1588% CPU
Optimizing NNI: done in 13.3185 secs using 1587% CPU
Iteration 410 / LogL: -32575.323 / Time: 2h:43m:2s (0h:20m:49s left)
Optimizing NNI: done in 14.2537 secs using 1588% CPU
Optimizing NNI: done in 15.9416 secs using 1587% CPU
Optimizing NNI: done in 11.3645 secs using 1588% CPU
Optimizing NNI: done in 13.0675 secs using 1588% CPU
Optimizing NNI: done in 12.8415 secs using 1588% CPU
Optimizing NNI: done in 12.0658 secs using 1589% CPU
Optimizing NNI: done in 12.5237 secs using 1588% CPU
Optimizing NNI: done in 13.92 secs using 1589% CPU
Optimizing NNI: done in 15.0674 secs using 1589% CPU
Optimizing NNI: done in 15.236 secs using 1589% CPU
Iteration 420 / LogL: -32582.694 / Time: 2h:45m:22s (0h:18m:30s left)
Optimizing NNI: done in 11.6446 secs using 1588% CPU
Optimizing NNI: done in 12.214 secs using 1588% CPU
Optimizing NNI: done in 13.4577 secs using 1588% CPU
Optimizing NNI: done in 11.1482 secs using 1588% CPU
Optimizing NNI: done in 10.3644 secs using 1588% CPU
Optimizing NNI: done in 12.4169 secs using 1589% CPU
Optimizing NNI: done in 14.2979 secs using 1589% CPU
Optimizing NNI: done in 10.054 secs using 1588% CPU
Optimizing NNI: done in 12.7622 secs using 1586% CPU
Optimizing NNI: done in 13.115 secs using 1589% CPU
Iteration 430 / LogL: -32586.142 / Time: 2h:47m:27s (0h:16m:9s left)
Optimizing NNI: done in 12.9126 secs using 1589% CPU
Optimizing NNI: done in 13.0139 secs using 1589% CPU
Optimizing NNI: done in 14.2789 secs using 1588% CPU
Optimizing NNI: done in 13.7461 secs using 1588% CPU
Optimizing NNI: done in 12.5102 secs using 1589% CPU
Optimizing NNI: done in 12.5368 secs using 1581% CPU
Optimizing NNI: done in 12.4661 secs using 1589% CPU
Optimizing NNI: done in 11.5142 secs using 1589% CPU
Optimizing NNI: done in 11.631 secs using 1589% CPU
Optimizing NNI: done in 11.0093 secs using 1589% CPU
Iteration 440 / LogL: -32597.312 / Time: 2h:49m:36s (0h:13m:49s left)
Optimizing NNI: done in 13.5631 secs using 1589% CPU
Optimizing NNI: done in 12.1814 secs using 1589% CPU
Estimate model parameters (epsilon = 0.100)
BETTER TREE FOUND at iteration 442: -32557.104
Optimizing NNI: done in 13.2824 secs using 1589% CPU
Optimizing NNI: done in 8.95244 secs using 1589% CPU
Optimizing NNI: done in 13.5008 secs using 1589% CPU
Optimizing NNI: done in 11.2123 secs using 1589% CPU
Optimizing NNI: done in 14.6202 secs using 1589% CPU
Optimizing NNI: done in 12.9366 secs using 1589% CPU
Optimizing NNI: done in 12.2719 secs using 1588% CPU
Optimizing NNI: done in 11.8321 secs using 1589% CPU
Iteration 450 / LogL: -32561.415 / Time: 2h:51m:52s (0h:21m:11s left)
Log-likelihood cutoff on original alignment: -32760.017
Optimizing NNI: done in 14.3744 secs using 1588% CPU
Optimizing NNI: done in 13.9476 secs using 1589% CPU
Optimizing NNI: done in 11.6091 secs using 1589% CPU
Optimizing NNI: done in 12.8043 secs using 1589% CPU
Optimizing NNI: done in 10.6296 secs using 1589% CPU
Optimizing NNI: done in 13.2153 secs using 1589% CPU
Optimizing NNI: done in 10.6381 secs using 1589% CPU
Optimizing NNI: done in 11.736 secs using 1588% CPU
Optimizing NNI: done in 13.7402 secs using 1588% CPU
Optimizing NNI: done in 14.1835 secs using 1589% CPU
Iteration 460 / LogL: -32598.670 / Time: 2h:54m:39s (0h:18m:58s left)
Optimizing NNI: done in 12.7192 secs using 1588% CPU
Optimizing NNI: done in 13.8645 secs using 1589% CPU
Optimizing NNI: done in 12.3756 secs using 1589% CPU
Optimizing NNI: done in 13.2976 secs using 1589% CPU
Optimizing NNI: done in 11.0262 secs using 1588% CPU
Optimizing NNI: done in 15.5143 secs using 1589% CPU
Optimizing NNI: done in 14.0606 secs using 1589% CPU
Optimizing NNI: done in 12.698 secs using 1589% CPU
Optimizing NNI: done in 11.9102 secs using 1589% CPU
Optimizing NNI: done in 10.7894 secs using 1589% CPU
Iteration 470 / LogL: -32560.411 / Time: 2h:56m:58s (0h:16m:39s left)
Optimizing NNI: done in 11.5396 secs using 1589% CPU
Optimizing NNI: done in 12.2115 secs using 1589% CPU
Optimizing NNI: done in 14.8503 secs using 1588% CPU
Optimizing NNI: done in 9.29759 secs using 1588% CPU
Optimizing NNI: done in 12.7863 secs using 1588% CPU
Optimizing NNI: done in 12.1095 secs using 1588% CPU
Optimizing NNI: done in 10.2973 secs using 1588% CPU
Optimizing NNI: done in 10.7612 secs using 1588% CPU
Optimizing NNI: done in 12.3083 secs using 1587% CPU
Optimizing NNI: done in 12.2771 secs using 1588% CPU
Iteration 480 / LogL: -32564.797 / Time: 2h:59m:7s (0h:14m:19s left)
Optimizing NNI: done in 12.2872 secs using 1585% CPU
Optimizing NNI: done in 13.2418 secs using 1588% CPU
Optimizing NNI: done in 11.8164 secs using 1588% CPU
Estimate model parameters (epsilon = 0.100)
BETTER TREE FOUND at iteration 483: -32554.376
Optimizing NNI: done in 14.0523 secs using 1588% CPU
Optimizing NNI: done in 12.261 secs using 1588% CPU
Optimizing NNI: done in 13.884 secs using 1588% CPU
Optimizing NNI: done in 12.5874 secs using 1587% CPU
Optimizing NNI: done in 12.0459 secs using 1587% CPU
Optimizing NNI: done in 10.4963 secs using 1589% CPU
Optimizing NNI: done in 13.7927 secs using 1584% CPU
Iteration 490 / LogL: -32568.835 / Time: 3h:1m:20s (0h:21m:28s left)
Optimizing NNI: done in 11.6633 secs using 1589% CPU
Optimizing NNI: done in 11.6296 secs using 1588% CPU
Optimizing NNI: done in 13.6352 secs using 1589% CPU
Optimizing NNI: done in 12.9753 secs using 1589% CPU
Optimizing NNI: done in 9.49779 secs using 1588% CPU
Optimizing NNI: done in 11.6725 secs using 1588% CPU
Optimizing NNI: done in 13.9014 secs using 1588% CPU
Optimizing NNI: done in 13.7156 secs using 1589% CPU
Optimizing NNI: done in 11.0938 secs using 1589% CPU
Optimizing NNI: done in 12.697 secs using 1588% CPU
Iteration 500 / LogL: -32562.334 / Time: 3h:3m:26s (0h:19m:8s left)
Log-likelihood cutoff on original alignment: -32760.017
NOTE: Bootstrap correlation coefficient of split occurrence frequencies: 0.983
NOTE: UFBoot does not converge, continue at least 100 more iterations
Optimizing NNI: done in 11.9925 secs using 1589% CPU
Optimizing NNI: done in 12.2021 secs using 1589% CPU
Optimizing NNI: done in 14.8831 secs using 1589% CPU
Optimizing NNI: done in 10.6104 secs using 1588% CPU
Optimizing NNI: done in 10.7134 secs using 1589% CPU
Optimizing NNI: done in 12.8282 secs using 1589% CPU
Optimizing NNI: done in 12.257 secs using 1589% CPU
Optimizing NNI: done in 15.1163 secs using 1588% CPU
Optimizing NNI: done in 12.868 secs using 1588% CPU
Optimizing NNI: done in 12.7248 secs using 1588% CPU
Iteration 510 / LogL: -32628.064 / Time: 3h:6m:3s (0h:20m:48s left)
Optimizing NNI: done in 11.7316 secs using 1588% CPU
Optimizing NNI: done in 14.4559 secs using 1588% CPU
Optimizing NNI: done in 11.8614 secs using 1588% CPU
Optimizing NNI: done in 13.0981 secs using 1588% CPU
Optimizing NNI: done in 12.0224 secs using 1588% CPU
Optimizing NNI: done in 12.3254 secs using 1588% CPU
Optimizing NNI: done in 15.0893 secs using 1588% CPU
Optimizing NNI: done in 12.1696 secs using 1588% CPU
Optimizing NNI: done in 13.1997 secs using 1588% CPU
Optimizing NNI: done in 12.2005 secs using 1588% CPU
Iteration 520 / LogL: -32576.730 / Time: 3h:8m:15s (0h:18m:28s left)
Optimizing NNI: done in 11.0836 secs using 1588% CPU
Optimizing NNI: done in 13.278 secs using 1587% CPU
Optimizing NNI: done in 10.6598 secs using 1588% CPU
Optimizing NNI: done in 14.4381 secs using 1588% CPU
Optimizing NNI: done in 10.6774 secs using 1588% CPU
Optimizing NNI: done in 11.6861 secs using 1588% CPU
Optimizing NNI: done in 14.6291 secs using 1588% CPU
Optimizing NNI: done in 12.2232 secs using 1588% CPU
Optimizing NNI: done in 14.4498 secs using 1588% CPU
Optimizing NNI: done in 13.4835 secs using 1586% CPU
Iteration 530 / LogL: -32585.061 / Time: 3h:10m:26s (0h:16m:8s left)
Optimizing NNI: done in 13.8488 secs using 1587% CPU
Optimizing NNI: done in 11.6332 secs using 1588% CPU
Optimizing NNI: done in 11.5331 secs using 1588% CPU
Optimizing NNI: done in 13.2292 secs using 1589% CPU
Optimizing NNI: done in 13.9364 secs using 1589% CPU
Optimizing NNI: done in 12.9875 secs using 1589% CPU
Optimizing NNI: done in 12.6528 secs using 1589% CPU
Optimizing NNI: done in 12.2901 secs using 1587% CPU
Optimizing NNI: done in 9.97457 secs using 1589% CPU
Optimizing NNI: done in 10.9045 secs using 1589% CPU
Iteration 540 / LogL: -32576.635 / Time: 3h:12m:33s (0h:13m:49s left)
Optimizing NNI: done in 11.2925 secs using 1589% CPU
Optimizing NNI: done in 11.6726 secs using 1589% CPU
Optimizing NNI: done in 12.2329 secs using 1588% CPU
Optimizing NNI: done in 12.3311 secs using 1589% CPU
Optimizing NNI: done in 12.4803 secs using 1589% CPU
Optimizing NNI: done in 12.4952 secs using 1589% CPU
Optimizing NNI: done in 12.9492 secs using 1588% CPU
Optimizing NNI: done in 13.6042 secs using 1589% CPU
Optimizing NNI: done in 11.7017 secs using 1587% CPU
Optimizing NNI: done in 14.3254 secs using 1588% CPU
Iteration 550 / LogL: -32569.056 / Time: 3h:14m:42s (0h:11m:30s left)
Log-likelihood cutoff on original alignment: -32760.017
Optimizing NNI: done in 11.8052 secs using 1588% CPU
Optimizing NNI: done in 11.7863 secs using 1589% CPU
Optimizing NNI: done in 13.144 secs using 1589% CPU
Optimizing NNI: done in 11.9081 secs using 1587% CPU
Optimizing NNI: done in 13.4757 secs using 1588% CPU
Optimizing NNI: done in 14.1193 secs using 1588% CPU
Optimizing NNI: done in 14.2866 secs using 1588% CPU
Optimizing NNI: done in 13.648 secs using 1588% CPU
Optimizing NNI: done in 15.0713 secs using 1582% CPU
Optimizing NNI: done in 11.7647 secs using 1584% CPU
Iteration 560 / LogL: -32579.094 / Time: 3h:17m:24s (0h:9m:13s left)
Optimizing NNI: done in 12.6594 secs using 1588% CPU
Optimizing NNI: done in 14.1763 secs using 1588% CPU
Optimizing NNI: done in 13.4655 secs using 1588% CPU
Optimizing NNI: done in 13.2662 secs using 1588% CPU
Optimizing NNI: done in 13.4198 secs using 1586% CPU
Optimizing NNI: done in 12.5821 secs using 1588% CPU
Optimizing NNI: done in 13.6973 secs using 1588% CPU
Optimizing NNI: done in 10.7119 secs using 1589% CPU
Optimizing NNI: done in 12.9708 secs using 1589% CPU
Optimizing NNI: done in 11.1873 secs using 1588% CPU
Iteration 570 / LogL: -32624.082 / Time: 3h:19m:36s (0h:6m:55s left)
Optimizing NNI: done in 14.8555 secs using 1589% CPU
Optimizing NNI: done in 11.9423 secs using 1589% CPU
Optimizing NNI: done in 10.4914 secs using 1589% CPU
Optimizing NNI: done in 12.9189 secs using 1589% CPU
Optimizing NNI: done in 12.0384 secs using 1589% CPU
Optimizing NNI: done in 14.2989 secs using 1589% CPU
Optimizing NNI: done in 14.5098 secs using 1587% CPU
Optimizing NNI: done in 12.1072 secs using 1589% CPU
Optimizing NNI: done in 13.5306 secs using 1589% CPU
Optimizing NNI: done in 13.2125 secs using 1589% CPU
Iteration 580 / LogL: -32596.179 / Time: 3h:21m:51s (0h:4m:36s left)
Optimizing NNI: done in 10.8328 secs using 1588% CPU
Optimizing NNI: done in 13.6407 secs using 1589% CPU
Optimizing NNI: done in 14.0989 secs using 1589% CPU
Optimizing NNI: done in 12.2977 secs using 1589% CPU
Optimizing NNI: done in 12.3927 secs using 1589% CPU
Optimizing NNI: done in 11.6485 secs using 1589% CPU
Optimizing NNI: done in 13.2052 secs using 1589% CPU
Optimizing NNI: done in 14.214 secs using 1587% CPU
Optimizing NNI: done in 12.4256 secs using 1589% CPU
Optimizing NNI: done in 12.6116 secs using 1589% CPU
Iteration 590 / LogL: -32568.548 / Time: 3h:24m:2s (0h:2m:18s left)
Optimizing NNI: done in 13.3579 secs using 1588% CPU
Optimizing NNI: done in 10.9041 secs using 1588% CPU
Optimizing NNI: done in 12.6697 secs using 1589% CPU
Optimizing NNI: done in 11.5358 secs using 1589% CPU
Optimizing NNI: done in 13.3535 secs using 1588% CPU
Optimizing NNI: done in 12.4541 secs using 1589% CPU
Optimizing NNI: done in 11.8692 secs using 1589% CPU
Optimizing NNI: done in 11.9351 secs using 1589% CPU
Optimizing NNI: done in 14.4413 secs using 1589% CPU
Optimizing NNI: done in 12.7791 secs using 1589% CPU
Iteration 600 / LogL: -32597.163 / Time: 3h:26m:12s (0h:0m:0s left)
Log-likelihood cutoff on original alignment: -32710.130
NOTE: Bootstrap correlation coefficient of split occurrence frequencies: 0.985
NOTE: UFBoot does not converge, continue at least 100 more iterations
Optimizing NNI: done in 13.3219 secs using 1589% CPU
Optimizing NNI: done in 14.3171 secs using 1588% CPU
Optimizing NNI: done in 10.8434 secs using 1589% CPU
Optimizing NNI: done in 13.2016 secs using 1589% CPU
Optimizing NNI: done in 20.5296 secs using 1541% CPU
Optimizing NNI: done in 12.4224 secs using 1588% CPU
Estimate model parameters (epsilon = 0.100)
BETTER TREE FOUND at iteration 606: -32551.777
Optimizing NNI: done in 12.3562 secs using 1589% CPU
Optimizing NNI: done in 12.402 secs using 1589% CPU
Optimizing NNI: done in 9.74807 secs using 1588% CPU
Optimizing NNI: done in 10.8657 secs using 1589% CPU
Iteration 610 / LogL: -32611.894 / Time: 3h:28m:56s (0h:22m:9s left)
Optimizing NNI: done in 13.3143 secs using 1588% CPU
Optimizing NNI: done in 13.5327 secs using 1589% CPU
Optimizing NNI: done in 12.2213 secs using 1589% CPU
Optimizing NNI: done in 12.1286 secs using 1589% CPU
Optimizing NNI: done in 11.1031 secs using 1589% CPU
Optimizing NNI: done in 9.65408 secs using 1589% CPU
Optimizing NNI: done in 12.6176 secs using 1589% CPU
Optimizing NNI: done in 12.3952 secs using 1589% CPU
Optimizing NNI: done in 17.739 secs using 1589% CPU
Optimizing NNI: done in 11.8835 secs using 1589% CPU
Iteration 620 / LogL: -32559.805 / Time: 3h:31m:7s (0h:19m:49s left)
Optimizing NNI: done in 11.6 secs using 1589% CPU
Optimizing NNI: done in 13.4842 secs using 1589% CPU
Optimizing NNI: done in 11.3037 secs using 1589% CPU
Optimizing NNI: done in 13.4471 secs using 1589% CPU
Optimizing NNI: done in 11.3369 secs using 1589% CPU
Optimizing NNI: done in 13.7951 secs using 1589% CPU
Optimizing NNI: done in 12.5465 secs using 1589% CPU
Optimizing NNI: done in 13.5951 secs using 1589% CPU
Optimizing NNI: done in 11.2263 secs using 1589% CPU
Optimizing NNI: done in 12.2439 secs using 1589% CPU
Iteration 630 / LogL: -32567.790 / Time: 3h:33m:16s (0h:17m:30s left)
Optimizing NNI: done in 12.9842 secs using 1589% CPU
Optimizing NNI: done in 14.0074 secs using 1589% CPU
Optimizing NNI: done in 10.7787 secs using 1589% CPU
Optimizing NNI: done in 13.0544 secs using 1589% CPU
Optimizing NNI: done in 15.0305 secs using 1589% CPU
Optimizing NNI: done in 12.0952 secs using 1589% CPU
Optimizing NNI: done in 13.1628 secs using 1589% CPU
Optimizing NNI: done in 14.6557 secs using 1589% CPU
Optimizing NNI: done in 12.011 secs using 1589% CPU
Optimizing NNI: done in 11.5573 secs using 1590% CPU
Iteration 640 / LogL: -32616.077 / Time: 3h:35m:30s (0h:15m:11s left)
Optimizing NNI: done in 11.9801 secs using 1589% CPU
Optimizing NNI: done in 11.6261 secs using 1590% CPU
Optimizing NNI: done in 11.5159 secs using 1589% CPU
Optimizing NNI: done in 13.6851 secs using 1590% CPU
Optimizing NNI: done in 11.7092 secs using 1590% CPU
Optimizing NNI: done in 12.3462 secs using 1588% CPU
Optimizing NNI: done in 13.3652 secs using 1587% CPU
Optimizing NNI: done in 12.4798 secs using 1587% CPU
Optimizing NNI: done in 11.7514 secs using 1587% CPU
Optimizing NNI: done in 11.7759 secs using 1587% CPU
Iteration 650 / LogL: -32590.795 / Time: 3h:37m:37s (0h:12m:52s left)
Log-likelihood cutoff on original alignment: -32710.130
Optimizing NNI: done in 13.2499 secs using 1588% CPU
Optimizing NNI: done in 11.4565 secs using 1588% CPU
Optimizing NNI: done in 13.9712 secs using 1588% CPU
Optimizing NNI: done in 13.2629 secs using 1589% CPU
Optimizing NNI: done in 13.5966 secs using 1589% CPU
Optimizing NNI: done in 11.8799 secs using 1590% CPU
Optimizing NNI: done in 10.9902 secs using 1590% CPU
Optimizing NNI: done in 11.6341 secs using 1589% CPU
Optimizing NNI: done in 12.7558 secs using 1589% CPU
Optimizing NNI: done in 12.6199 secs using 1590% CPU
Iteration 660 / LogL: -32601.488 / Time: 3h:40m:15s (0h:10m:35s left)
Optimizing NNI: done in 13.0509 secs using 1589% CPU
Optimizing NNI: done in 15.6393 secs using 1589% CPU
Optimizing NNI: done in 13.448 secs using 1588% CPU
Optimizing NNI: done in 12.9433 secs using 1588% CPU
Estimate model parameters (epsilon = 0.100)
BETTER TREE FOUND at iteration 664: -32544.910
Optimizing NNI: done in 12.102 secs using 1588% CPU
Optimizing NNI: done in 11.8297 secs using 1589% CPU
Optimizing NNI: done in 12.698 secs using 1590% CPU
Optimizing NNI: done in 11.9875 secs using 1590% CPU
Optimizing NNI: done in 10.9136 secs using 1589% CPU
Optimizing NNI: done in 13.0536 secs using 1589% CPU
Iteration 670 / LogL: -32562.069 / Time: 3h:42m:30s (0h:21m:39s left)
Optimizing NNI: done in 13.0683 secs using 1589% CPU
Optimizing NNI: done in 11.5086 secs using 1589% CPU
Optimizing NNI: done in 12.7377 secs using 1588% CPU
Optimizing NNI: done in 12.7808 secs using 1588% CPU
Optimizing NNI: done in 13.9695 secs using 1588% CPU
Optimizing NNI: done in 13.1363 secs using 1589% CPU
Optimizing NNI: done in 12.1572 secs using 1588% CPU
Optimizing NNI: done in 12.9891 secs using 1587% CPU
Optimizing NNI: done in 12.5813 secs using 1589% CPU
Optimizing NNI: done in 14.9539 secs using 1589% CPU
Iteration 680 / LogL: -32563.759 / Time: 3h:44m:53s (0h:19m:21s left)
Optimizing NNI: done in 12.9371 secs using 1589% CPU
Optimizing NNI: done in 11.8904 secs using 1589% CPU
Optimizing NNI: done in 13.1743 secs using 1590% CPU
Optimizing NNI: done in 12.468 secs using 1589% CPU
Optimizing NNI: done in 11.8853 secs using 1588% CPU
Optimizing NNI: done in 13.335 secs using 1590% CPU
Optimizing NNI: done in 11.0439 secs using 1589% CPU
Optimizing NNI: done in 12.0804 secs using 1590% CPU
Optimizing NNI: done in 12.8815 secs using 1590% CPU
Optimizing NNI: done in 11.7184 secs using 1589% CPU
Iteration 690 / LogL: -32547.694 / Time: 3h:47m:8s (0h:17m:2s left)
Optimizing NNI: done in 13.6795 secs using 1589% CPU
Optimizing NNI: done in 11.2135 secs using 1582% CPU
Optimizing NNI: done in 13.7622 secs using 1589% CPU
Optimizing NNI: done in 13.9486 secs using 1589% CPU
Optimizing NNI: done in 11.7904 secs using 1584% CPU
Optimizing NNI: done in 13.4883 secs using 1590% CPU
Optimizing NNI: done in 13.4186 secs using 1589% CPU
Optimizing NNI: done in 18.9821 secs using 1562% CPU
Optimizing NNI: done in 12.9175 secs using 1587% CPU
Optimizing NNI: done in 13.8096 secs using 1590% CPU
Iteration 700 / LogL: -32562.748 / Time: 3h:49m:30s (0h:14m:45s left)
Log-likelihood cutoff on original alignment: -32710.130
NOTE: Bootstrap correlation coefficient of split occurrence frequencies: 0.972
NOTE: UFBoot does not converge, continue at least 100 more iterations
Optimizing NNI: done in 13.0688 secs using 1589% CPU
Optimizing NNI: done in 13.9001 secs using 1587% CPU
Optimizing NNI: done in 14.252 secs using 1589% CPU
Optimizing NNI: done in 11.6845 secs using 1583% CPU
Optimizing NNI: done in 15.853 secs using 1589% CPU
Optimizing NNI: done in 13.0973 secs using 1584% CPU
Optimizing NNI: done in 13.977 secs using 1587% CPU
Optimizing NNI: done in 16.0578 secs using 1589% CPU
Optimizing NNI: done in 12.5598 secs using 1589% CPU
Optimizing NNI: done in 13.6452 secs using 1589% CPU
Iteration 710 / LogL: -32570.037 / Time: 3h:52m:22s (0h:20m:48s left)
Optimizing NNI: done in 9.3654 secs using 1587% CPU
Optimizing NNI: done in 18.1298 secs using 1570% CPU
Optimizing NNI: done in 11.87 secs using 1585% CPU
Optimizing NNI: done in 11.5138 secs using 1589% CPU
Optimizing NNI: done in 15.212 secs using 1589% CPU
Optimizing NNI: done in 11.0648 secs using 1588% CPU
Optimizing NNI: done in 15.6631 secs using 1589% CPU
Optimizing NNI: done in 11.4789 secs using 1589% CPU
Optimizing NNI: done in 13.3149 secs using 1589% CPU
Optimizing NNI: done in 9.95044 secs using 1588% CPU
Iteration 720 / LogL: -32594.792 / Time: 3h:54m:35s (0h:18m:29s left)
Optimizing NNI: done in 11.455 secs using 1589% CPU
Optimizing NNI: done in 11.0011 secs using 1589% CPU
Optimizing NNI: done in 13.6357 secs using 1589% CPU
Optimizing NNI: done in 11.1663 secs using 1589% CPU
Optimizing NNI: done in 12.6869 secs using 1589% CPU
Optimizing NNI: done in 11.4218 secs using 1589% CPU
Optimizing NNI: done in 13.9819 secs using 1589% CPU
Optimizing NNI: done in 13.4808 secs using 1589% CPU
Optimizing NNI: done in 12.9608 secs using 1589% CPU
Optimizing NNI: done in 13.3857 secs using 1589% CPU
Iteration 730 / LogL: -32552.730 / Time: 3h:56m:45s (0h:16m:9s left)
Optimizing NNI: done in 12.8881 secs using 1589% CPU
Optimizing NNI: done in 12.7651 secs using 1589% CPU
Optimizing NNI: done in 9.83343 secs using 1589% CPU
Optimizing NNI: done in 13.4029 secs using 1589% CPU
Optimizing NNI: done in 13.1402 secs using 1589% CPU
Optimizing NNI: done in 11.1377 secs using 1589% CPU
Optimizing NNI: done in 12.408 secs using 1589% CPU
Optimizing NNI: done in 13.3051 secs using 1589% CPU
Optimizing NNI: done in 12.767 secs using 1588% CPU
Optimizing NNI: done in 14.5433 secs using 1589% CPU
Iteration 740 / LogL: -32558.256 / Time: 3h:58m:56s (0h:13m:50s left)
Optimizing NNI: done in 11.1207 secs using 1589% CPU
Optimizing NNI: done in 12.0791 secs using 1588% CPU
Optimizing NNI: done in 13.4091 secs using 1589% CPU
Optimizing NNI: done in 12.4099 secs using 1589% CPU
Optimizing NNI: done in 11.6968 secs using 1589% CPU
Optimizing NNI: done in 12.6812 secs using 1589% CPU
Optimizing NNI: done in 13.3576 secs using 1589% CPU
Optimizing NNI: done in 13.2856 secs using 1588% CPU
Optimizing NNI: done in 14.9032 secs using 1589% CPU
Optimizing NNI: done in 10.8688 secs using 1589% CPU
Iteration 750 / LogL: -32580.904 / Time: 4h:1m:7s (0h:11m:31s left)
Log-likelihood cutoff on original alignment: -32710.130
Optimizing NNI: done in 14.3248 secs using 1589% CPU
Optimizing NNI: done in 13.0325 secs using 1589% CPU
Optimizing NNI: done in 11.3234 secs using 1588% CPU
Optimizing NNI: done in 14.1906 secs using 1589% CPU
Optimizing NNI: done in 14.8636 secs using 1581% CPU
Optimizing NNI: done in 11.9489 secs using 1587% CPU
Optimizing NNI: done in 11.0544 secs using 1589% CPU
Optimizing NNI: done in 14.1803 secs using 1583% CPU
Optimizing NNI: done in 12.9046 secs using 1588% CPU
Optimizing NNI: done in 12.7 secs using 1588% CPU
Iteration 760 / LogL: -32562.298 / Time: 4h:3m:50s (0h:9m:14s left)
Optimizing NNI: done in 13.7192 secs using 1589% CPU
Optimizing NNI: done in 10.906 secs using 1588% CPU
Optimizing NNI: done in 11.7993 secs using 1589% CPU
Optimizing NNI: done in 13.2131 secs using 1589% CPU
Optimizing NNI: done in 11.8274 secs using 1589% CPU
Optimizing NNI: done in 12.7284 secs using 1588% CPU
Optimizing NNI: done in 12.8135 secs using 1588% CPU
Optimizing NNI: done in 11.1168 secs using 1588% CPU
Optimizing NNI: done in 13.3288 secs using 1587% CPU
Optimizing NNI: done in 13.7601 secs using 1547% CPU
Iteration 770 / LogL: -32566.944 / Time: 4h:6m:1s (0h:6m:55s left)
Optimizing NNI: done in 13.3401 secs using 1588% CPU
Optimizing NNI: done in 16.9952 secs using 1590% CPU
Optimizing NNI: done in 9.19191 secs using 1588% CPU
Optimizing NNI: done in 10.1429 secs using 1590% CPU
Optimizing NNI: done in 13.8069 secs using 1590% CPU
Optimizing NNI: done in 11.5157 secs using 1589% CPU
Optimizing NNI: done in 10.9098 secs using 1589% CPU
Optimizing NNI: done in 12.3552 secs using 1589% CPU
Optimizing NNI: done in 12.538 secs using 1589% CPU
Optimizing NNI: done in 10.6113 secs using 1589% CPU
Iteration 780 / LogL: -32583.132 / Time: 4h:8m:8s (0h:4m:36s left)
Optimizing NNI: done in 11.2076 secs using 1590% CPU
Optimizing NNI: done in 13.739 secs using 1589% CPU
Optimizing NNI: done in 10.9484 secs using 1589% CPU
Optimizing NNI: done in 13.299 secs using 1589% CPU
Optimizing NNI: done in 12.1057 secs using 1590% CPU
Optimizing NNI: done in 12.9259 secs using 1589% CPU
Optimizing NNI: done in 12.7402 secs using 1589% CPU
Optimizing NNI: done in 11.0856 secs using 1589% CPU
Optimizing NNI: done in 12.3438 secs using 1589% CPU
Optimizing NNI: done in 12.1056 secs using 1589% CPU
Iteration 790 / LogL: -32560.948 / Time: 4h:10m:16s (0h:2m:18s left)
Optimizing NNI: done in 11.8165 secs using 1589% CPU
Optimizing NNI: done in 9.08856 secs using 1589% CPU
Optimizing NNI: done in 12.1223 secs using 1589% CPU
Optimizing NNI: done in 11.8456 secs using 1589% CPU
Optimizing NNI: done in 11.7058 secs using 1589% CPU
Optimizing NNI: done in 11.3705 secs using 1590% CPU
Optimizing NNI: done in 12.8406 secs using 1590% CPU
Optimizing NNI: done in 11.3593 secs using 1590% CPU
Optimizing NNI: done in 12.0412 secs using 1589% CPU
Optimizing NNI: done in 15.3223 secs using 1579% CPU
Iteration 800 / LogL: -32573.741 / Time: 4h:12m:20s (0h:0m:0s left)
Log-likelihood cutoff on original alignment: -32658.614
NOTE: Bootstrap correlation coefficient of split occurrence frequencies: 0.972
NOTE: UFBoot does not converge, continue at least 100 more iterations
Optimizing NNI: done in 12.3196 secs using 1589% CPU
Optimizing NNI: done in 10.7971 secs using 1589% CPU
Optimizing NNI: done in 11.6759 secs using 1589% CPU
Optimizing NNI: done in 12.5599 secs using 1589% CPU
Optimizing NNI: done in 11.3595 secs using 1589% CPU
Optimizing NNI: done in 9.45916 secs using 1589% CPU
Optimizing NNI: done in 13.0841 secs using 1589% CPU
Optimizing NNI: done in 12.6419 secs using 1589% CPU
Optimizing NNI: done in 11.9265 secs using 1589% CPU
Optimizing NNI: done in 12.2547 secs using 1589% CPU
Iteration 810 / LogL: -32597.778 / Time: 4h:14m:51s (0h:20m:44s left)
Optimizing NNI: done in 10.531 secs using 1589% CPU
Optimizing NNI: done in 9.5929 secs using 1589% CPU
Optimizing NNI: done in 10.5808 secs using 1589% CPU
Optimizing NNI: done in 13.0597 secs using 1587% CPU
Optimizing NNI: done in 12.5622 secs using 1589% CPU
Optimizing NNI: done in 12.1019 secs using 1587% CPU
Optimizing NNI: done in 11.2619 secs using 1586% CPU
Optimizing NNI: done in 11.3837 secs using 1589% CPU
Optimizing NNI: done in 13.0184 secs using 1586% CPU
Optimizing NNI: done in 11.1157 secs using 1589% CPU
Iteration 820 / LogL: -32558.771 / Time: 4h:16m:52s (0h:18m:24s left)
Optimizing NNI: done in 10.0181 secs using 1589% CPU
Optimizing NNI: done in 11.6808 secs using 1588% CPU
Optimizing NNI: done in 14.7241 secs using 1589% CPU
Optimizing NNI: done in 15.0765 secs using 1589% CPU
Optimizing NNI: done in 11.1995 secs using 1589% CPU
Optimizing NNI: done in 12.2286 secs using 1589% CPU
Optimizing NNI: done in 11.4859 secs using 1588% CPU
Optimizing NNI: done in 12.4676 secs using 1584% CPU
Optimizing NNI: done in 12.2095 secs using 1588% CPU
Optimizing NNI: done in 13.1285 secs using 1588% CPU
Iteration 830 / LogL: -32561.344 / Time: 4h:19m:2s (0h:16m:5s left)
Optimizing NNI: done in 12.9684 secs using 1588% CPU
Optimizing NNI: done in 13.4398 secs using 1588% CPU
Optimizing NNI: done in 11.4347 secs using 1589% CPU
Optimizing NNI: done in 15.0024 secs using 1589% CPU
Optimizing NNI: done in 12.5373 secs using 1589% CPU
Optimizing NNI: done in 13.1116 secs using 1588% CPU
Optimizing NNI: done in 9.73023 secs using 1588% CPU
Optimizing NNI: done in 11.5354 secs using 1589% CPU
Optimizing NNI: done in 12.5095 secs using 1588% CPU
Optimizing NNI: done in 11.6648 secs using 1588% CPU
Iteration 840 / LogL: -32583.191 / Time: 4h:21m:12s (0h:13m:47s left)
Optimizing NNI: done in 14.0871 secs using 1588% CPU
Optimizing NNI: done in 14.0962 secs using 1589% CPU
Optimizing NNI: done in 9.44898 secs using 1588% CPU
Optimizing NNI: done in 41.6722 secs using 1521% CPU
Optimizing NNI: done in 13.4074 secs using 1588% CPU
Optimizing NNI: done in 12.2702 secs using 1589% CPU
Optimizing NNI: done in 14.7199 secs using 1589% CPU
Optimizing NNI: done in 11.1807 secs using 1589% CPU
Estimate model parameters (epsilon = 0.100)
BETTER TREE FOUND at iteration 848: -32542.758
Optimizing NNI: done in 11.1533 secs using 1589% CPU
Optimizing NNI: done in 12.697 secs using 1588% CPU
Iteration 850 / LogL: -32561.175 / Time: 4h:23m:55s (0h:22m:34s left)
Log-likelihood cutoff on original alignment: -32658.614
Optimizing NNI: done in 11.2478 secs using 1589% CPU
Optimizing NNI: done in 12.2669 secs using 1589% CPU
Optimizing NNI: done in 12.3963 secs using 1589% CPU
Optimizing NNI: done in 12.0797 secs using 1589% CPU
Optimizing NNI: done in 13.1032 secs using 1589% CPU
Optimizing NNI: done in 11.1577 secs using 1589% CPU
Optimizing NNI: done in 10.5747 secs using 1589% CPU
Optimizing NNI: done in 11.1624 secs using 1589% CPU
Optimizing NNI: done in 11.5545 secs using 1589% CPU
Optimizing NNI: done in 13.2796 secs using 1589% CPU
Iteration 860 / LogL: -32550.560 / Time: 4h:26m:26s (0h:20m:17s left)
Optimizing NNI: done in 13.1253 secs using 1589% CPU
Optimizing NNI: done in 10.6689 secs using 1589% CPU
Optimizing NNI: done in 12.6634 secs using 1589% CPU
Optimizing NNI: done in 10.5379 secs using 1589% CPU
Optimizing NNI: done in 13.1858 secs using 1589% CPU
Optimizing NNI: done in 12.9376 secs using 1589% CPU
Optimizing NNI: done in 10.7801 secs using 1589% CPU
Optimizing NNI: done in 9.66748 secs using 1587% CPU
Optimizing NNI: done in 12.0036 secs using 1589% CPU
Optimizing NNI: done in 13.255 secs using 1589% CPU
Iteration 870 / LogL: -32586.027 / Time: 4h:28m:31s (0h:17m:57s left)
Optimizing NNI: done in 14.1429 secs using 1589% CPU
Optimizing NNI: done in 12.1412 secs using 1589% CPU
Optimizing NNI: done in 11.6894 secs using 1589% CPU
Optimizing NNI: done in 12.6277 secs using 1589% CPU
Optimizing NNI: done in 10.7121 secs using 1588% CPU
Optimizing NNI: done in 14.2731 secs using 1589% CPU
Optimizing NNI: done in 12.2995 secs using 1589% CPU
Optimizing NNI: done in 13.0082 secs using 1589% CPU
Optimizing NNI: done in 10.7816 secs using 1589% CPU
Optimizing NNI: done in 13.1678 secs using 1589% CPU
Iteration 880 / LogL: -32553.703 / Time: 4h:30m:42s (0h:15m:38s left)
Optimizing NNI: done in 12.9373 secs using 1589% CPU
Optimizing NNI: done in 10.7622 secs using 1589% CPU
Optimizing NNI: done in 11.1257 secs using 1588% CPU
Optimizing NNI: done in 10.1099 secs using 1589% CPU
Optimizing NNI: done in 11.8059 secs using 1589% CPU
Optimizing NNI: done in 12.5932 secs using 1589% CPU
Optimizing NNI: done in 10.4768 secs using 1589% CPU
Optimizing NNI: done in 11.7485 secs using 1589% CPU
Optimizing NNI: done in 13.8894 secs using 1589% CPU
Optimizing NNI: done in 11.8925 secs using 1589% CPU
Iteration 890 / LogL: -32571.969 / Time: 4h:32m:45s (0h:13m:19s left)
Optimizing NNI: done in 11.9127 secs using 1588% CPU
Optimizing NNI: done in 11.2543 secs using 1589% CPU
Optimizing NNI: done in 11.7276 secs using 1589% CPU
Optimizing NNI: done in 11.4091 secs using 1589% CPU
Optimizing NNI: done in 14.8276 secs using 1589% CPU
Optimizing NNI: done in 12.1566 secs using 1589% CPU
Optimizing NNI: done in 13.6692 secs using 1589% CPU
Optimizing NNI: done in 10.0654 secs using 1589% CPU
Optimizing NNI: done in 14.0556 secs using 1589% CPU
Optimizing NNI: done in 16.0545 secs using 1589% CPU
Iteration 900 / LogL: -32631.742 / Time: 4h:34m:58s (0h:11m:1s left)
Log-likelihood cutoff on original alignment: -32658.614
NOTE: Bootstrap correlation coefficient of split occurrence frequencies: 0.970
NOTE: UFBoot does not converge, continue at least 100 more iterations
Optimizing NNI: done in 9.63765 secs using 1589% CPU
Optimizing NNI: done in 27.5711 secs using 1550% CPU
Optimizing NNI: done in 13.6007 secs using 1589% CPU
Optimizing NNI: done in 11.4259 secs using 1589% CPU
Optimizing NNI: done in 11.0409 secs using 1589% CPU
Optimizing NNI: done in 8.89206 secs using 1589% CPU
Optimizing NNI: done in 10.1135 secs using 1589% CPU
Optimizing NNI: done in 12.403 secs using 1589% CPU
Optimizing NNI: done in 11.5953 secs using 1589% CPU
Optimizing NNI: done in 10.9821 secs using 1589% CPU
Iteration 910 / LogL: -32555.273 / Time: 4h:37m:38s (0h:20m:42s left)
Optimizing NNI: done in 13.1341 secs using 1589% CPU
Optimizing NNI: done in 48.5957 secs using 1516% CPU
Optimizing NNI: done in 48.8045 secs using 1515% CPU
Optimizing NNI: done in 14.0067 secs using 1589% CPU
Optimizing NNI: done in 11.6579 secs using 1589% CPU
Optimizing NNI: done in 15.4402 secs using 1589% CPU
Optimizing NNI: done in 10.9916 secs using 1589% CPU
Optimizing NNI: done in 10.5885 secs using 1589% CPU
Optimizing NNI: done in 16.5989 secs using 1547% CPU
Optimizing NNI: done in 8.45321 secs using 1588% CPU
Iteration 920 / LogL: -32552.944 / Time: 4h:41m:5s (0h:18m:30s left)
Optimizing NNI: done in 9.38325 secs using 1589% CPU
Optimizing NNI: done in 12.9078 secs using 1589% CPU
Optimizing NNI: done in 13.0145 secs using 1589% CPU
Optimizing NNI: done in 13.0542 secs using 1589% CPU
Optimizing NNI: done in 11.2497 secs using 1589% CPU
Optimizing NNI: done in 9.75084 secs using 1589% CPU
Optimizing NNI: done in 12.5797 secs using 1589% CPU
Optimizing NNI: done in 11.1852 secs using 1589% CPU
Optimizing NNI: done in 10.7958 secs using 1589% CPU
Optimizing NNI: done in 11.5568 secs using 1589% CPU
Iteration 930 / LogL: -32550.812 / Time: 4h:43m:23s (0h:16m:11s left)
Optimizing NNI: done in 11.4227 secs using 1589% CPU
Optimizing NNI: done in 10.7907 secs using 1589% CPU
Optimizing NNI: done in 10.4116 secs using 1589% CPU
Optimizing NNI: done in 9.9873 secs using 1589% CPU
Optimizing NNI: done in 11.5045 secs using 1589% CPU
Optimizing NNI: done in 10.6734 secs using 1589% CPU
Optimizing NNI: done in 10.9327 secs using 1589% CPU
Optimizing NNI: done in 13.5418 secs using 1589% CPU
Optimizing NNI: done in 10.2386 secs using 1588% CPU
Optimizing NNI: done in 12.1234 secs using 1589% CPU
Iteration 940 / LogL: -32559.800 / Time: 4h:45m:21s (0h:13m:51s left)
Optimizing NNI: done in 8.29065 secs using 1589% CPU
Optimizing NNI: done in 11.0519 secs using 1589% CPU
Optimizing NNI: done in 12.057 secs using 1589% CPU
Optimizing NNI: done in 13.1592 secs using 1589% CPU
Optimizing NNI: done in 12.0809 secs using 1589% CPU
Optimizing NNI: done in 9.91264 secs using 1589% CPU
Optimizing NNI: done in 9.41913 secs using 1589% CPU
Optimizing NNI: done in 11.2802 secs using 1589% CPU
Optimizing NNI: done in 11.2276 secs using 1589% CPU
Optimizing NNI: done in 10.0466 secs using 1589% CPU
Iteration 950 / LogL: -32581.396 / Time: 4h:47m:25s (0h:11m:32s left)
Log-likelihood cutoff on original alignment: -32658.614
Optimizing NNI: done in 10.9969 secs using 1589% CPU
Optimizing NNI: done in 10.3152 secs using 1589% CPU
Optimizing NNI: done in 12.267 secs using 1589% CPU
Optimizing NNI: done in 12.0146 secs using 1589% CPU
Optimizing NNI: done in 11.0209 secs using 1575% CPU
Optimizing NNI: done in 11.7046 secs using 1589% CPU
Optimizing NNI: done in 12.4423 secs using 1589% CPU
Optimizing NNI: done in 11.8339 secs using 1589% CPU
Optimizing NNI: done in 13.557 secs using 1589% CPU
Optimizing NNI: done in 12.6562 secs using 1589% CPU
Iteration 960 / LogL: -32556.535 / Time: 4h:49m:57s (0h:9m:14s left)
Optimizing NNI: done in 22.7447 secs using 1543% CPU
Optimizing NNI: done in 51.1271 secs using 1516% CPU
Optimizing NNI: done in 11.9366 secs using 1589% CPU
Optimizing NNI: done in 13.8778 secs using 1566% CPU
Optimizing NNI: done in 8.76871 secs using 1589% CPU
Optimizing NNI: done in 12.4812 secs using 1589% CPU
Optimizing NNI: done in 11.1396 secs using 1589% CPU
Optimizing NNI: done in 11.1046 secs using 1589% CPU
Optimizing NNI: done in 12.5748 secs using 1589% CPU
Optimizing NNI: done in 10.7722 secs using 1589% CPU
Iteration 970 / LogL: -32565.676 / Time: 4h:52m:50s (0h:6m:56s left)
Optimizing NNI: done in 11.9906 secs using 1589% CPU
Optimizing NNI: done in 11.2813 secs using 1589% CPU
Optimizing NNI: done in 10.4878 secs using 1589% CPU
Optimizing NNI: done in 10.998 secs using 1589% CPU
Optimizing NNI: done in 11.0564 secs using 1589% CPU
Optimizing NNI: done in 11.4906 secs using 1589% CPU
Optimizing NNI: done in 13.835 secs using 1589% CPU
Optimizing NNI: done in 9.09456 secs using 1589% CPU
Optimizing NNI: done in 11.3798 secs using 1589% CPU
Optimizing NNI: done in 12.4246 secs using 1589% CPU
Iteration 980 / LogL: -32595.642 / Time: 4h:54m:51s (0h:4m:37s left)
Optimizing NNI: done in 12.5158 secs using 1589% CPU
Optimizing NNI: done in 12.2823 secs using 1589% CPU
Optimizing NNI: done in 13.0839 secs using 1589% CPU
Optimizing NNI: done in 14.2488 secs using 1589% CPU
Optimizing NNI: done in 15.7841 secs using 1564% CPU
Optimizing NNI: done in 11.2928 secs using 1589% CPU
Optimizing NNI: done in 11.5719 secs using 1589% CPU
Optimizing NNI: done in 11.0193 secs using 1589% CPU
Optimizing NNI: done in 11.0798 secs using 1589% CPU
Optimizing NNI: done in 13.2377 secs using 1589% CPU
Iteration 990 / LogL: -32551.334 / Time: 4h:57m:3s (0h:2m:18s left)
Optimizing NNI: done in 13.6902 secs using 1589% CPU
Optimizing NNI: done in 12.3411 secs using 1589% CPU
Optimizing NNI: done in 10.6558 secs using 1589% CPU
Optimizing NNI: done in 21.5517 secs using 1543% CPU
Optimizing NNI: done in 12.4475 secs using 1586% CPU
Optimizing NNI: done in 10.4614 secs using 1589% CPU
Optimizing NNI: done in 10.8907 secs using 1589% CPU
Optimizing NNI: done in 11.7663 secs using 1589% CPU
Optimizing NNI: done in 11.6739 secs using 1589% CPU
Optimizing NNI: done in 13.3238 secs using 1589% CPU
Iteration 1000 / LogL: -32571.304 / Time: 4h:59m:19s (0h:0m:0s left)
Log-likelihood cutoff on original alignment: -32658.614
NOTE: Bootstrap correlation coefficient of split occurrence frequencies: 0.970
NOTE: UFBoot does not converge, continue at least 100 more iterations
Optimizing NNI: done in 49.3783 secs using 1516% CPU
WARNING: bootstrap analysis did not converge. You should rerun with higher number of iterations (-nm option)
TREE SEARCH COMPLETED AFTER 1001 ITERATIONS / Time: 5h:0m:37s

--------------------------------------------------------------------
|                    FINALIZING TREE SEARCH                        |
--------------------------------------------------------------------
Performs final model parameters optimization
Estimate model parameters (epsilon = 0.010)
1. Initial log-likelihood: -32542.758
Optimal log-likelihood: -32542.753
Site proportion and rates:  (0.040,0.025) (0.122,0.120) (0.097,0.287) (0.115,0.525) (0.255,0.865) (0.211,1.302) (0.128,2.323) (0.031,3.358)
Parameters optimization took 1 rounds (1.093 sec)
BEST SCORE FOUND : -32542.753

Testing tree branches by SH-like aLRT with 10000 replicates...
Alternative NNI shows better log-likelihood -32542.751 > -32542.753
4.039 sec.
Creating bootstrap support values...
Split supports printed to NEXUS file /lisc/data/scratch/molevo/peyroche/forkhead/results//all_fox_domains_mafft_global.splits.nex
Total tree length: 157.669

Total number of iterations: 1001
CPU time used for tree search: 205500.689 sec (57h:5m:0s)
Wall-clock time used for tree search: 13904.834 sec (3h:51m:44s)
Total CPU time used: 270785.098 sec (75h:13m:5s)
Total wall-clock time used: 18070.442 sec (5h:1m:10s)

Computing bootstrap consensus tree...
Reading input file /lisc/data/scratch/molevo/peyroche/forkhead/results//all_fox_domains_mafft_global.splits.nex...
532 taxa and 5325 splits.
Consensus tree written to /lisc/data/scratch/molevo/peyroche/forkhead/results//all_fox_domains_mafft_global.contree
Reading input trees file /lisc/data/scratch/molevo/peyroche/forkhead/results//all_fox_domains_mafft_global.contree
Log-likelihood of consensus tree: -32543.799

Analysis results written to: 
  IQ-TREE report:                /lisc/data/scratch/molevo/peyroche/forkhead/results//all_fox_domains_mafft_global.iqtree
  Maximum-likelihood tree:       /lisc/data/scratch/molevo/peyroche/forkhead/results//all_fox_domains_mafft_global.treefile
  Likelihood distances:          /lisc/data/scratch/molevo/peyroche/forkhead/results//all_fox_domains_mafft_global.mldist

Ultrafast bootstrap approximation results written to:
  Split support values:          /lisc/data/scratch/molevo/peyroche/forkhead/results//all_fox_domains_mafft_global.splits.nex
  Consensus tree:                /lisc/data/scratch/molevo/peyroche/forkhead/results//all_fox_domains_mafft_global.contree
  Screen log file:               /lisc/data/scratch/molevo/peyroche/forkhead/results//all_fox_domains_mafft_global.log

Date and Time: Fri Jun  5 19:22:40 2026
